<?xml version="1.0" encoding="utf-8" ?>
<dwsync>
<file name="ext.classes.js" server="serviciosortopedia.com/www/" local="130434372000000000" remote="130763421000000000" Dst="-1" />
<file name="ext.paging.js" server="serviciosortopedia.com/www/" local="130434372000000000" remote="130763421000000000" Dst="-1" />
<file name="ext.sorting.js" server="serviciosortopedia.com/www/" local="130434372000000000" remote="130763421000000000" Dst="-1" />
<file name="ext.types.js" server="serviciosortopedia.com/www/" local="130434372000000000" remote="130763421000000000" Dst="-1" />
<file name="ext.classes.js" server="hapconsulting.net/www/" local="130434372000000000" remote="130904305800000000" Dst="-1" />
<file name="ext.paging.js" server="hapconsulting.net/www/" local="130434372000000000" remote="130904305800000000" Dst="-1" />
<file name="ext.sorting.js" server="hapconsulting.net/www/" local="130434372000000000" remote="130904305800000000" Dst="-1" />
<file name="ext.types.js" server="hapconsulting.net/www/" local="130434372000000000" remote="130904305800000000" Dst="-1" />
<file name="ext.classes.js" server="38-plus.com/www/" local="130434372000000000" remote="131001896400000000" Dst="-1" />
<file name="ext.paging.js" server="38-plus.com/www/" local="130434372000000000" remote="131001896400000000" Dst="-1" />
<file name="ext.sorting.js" server="38-plus.com/www/" local="130434372000000000" remote="131001896400000000" Dst="-1" />
<file name="ext.types.js" server="38-plus.com/www/" local="130434372000000000" remote="131001896400000000" Dst="-1" />
<file name="ext.classes.js" server="lapetala.com/www/" local="130434372000000000" remote="131323422000000000" Dst="0" />
<file name="ext.paging.js" server="lapetala.com/www/" local="130434372000000000" remote="131323422000000000" Dst="0" />
<file name="ext.sorting.js" server="lapetala.com/www/" local="130434372000000000" remote="131323422000000000" Dst="0" />
<file name="ext.types.js" server="lapetala.com/www/" local="130434372000000000" remote="131323422000000000" Dst="0" />
<file name="ext.classes.js" server="haptracking.com/www/" local="130434372000000000" remote="131448856800000000" Dst="0" />
<file name="ext.paging.js" server="haptracking.com/www/" local="130434372000000000" remote="131448856800000000" Dst="0" />
<file name="ext.sorting.js" server="haptracking.com/www/" local="130434372000000000" remote="131448856800000000" Dst="0" />
<file name="ext.types.js" server="haptracking.com/www/" local="130434372000000000" remote="131448856800000000" Dst="0" />
</dwsync>