<?xml version="1.0" encoding="utf-8" ?>
<dwsync>
<file name="bootstrap-wysihtml5.css" server="serviciosortopedia.com/www/" local="130434372000000000" remote="130763423400000000" Dst="-1" />
<file name="bootstrap-wysihtml5.js" server="serviciosortopedia.com/www/" local="130434372000000000" remote="130763423400000000" Dst="-1" />
<file name="wysihtml5-0.3.0.js" server="serviciosortopedia.com/www/" local="130434372000000000" remote="130763423400000000" Dst="-1" />
<file name="wysiwyg-color.css" server="serviciosortopedia.com/www/" local="130434372000000000" remote="130763423400000000" Dst="-1" />
<file name="bootstrap-wysihtml5.css" server="hapconsulting.net/www/" local="130434372000000000" remote="130904307000000000" Dst="-1" />
<file name="bootstrap-wysihtml5.js" server="hapconsulting.net/www/" local="130434372000000000" remote="130904307000000000" Dst="-1" />
<file name="wysihtml5-0.3.0.js" server="hapconsulting.net/www/" local="130434372000000000" remote="130904307000000000" Dst="-1" />
<file name="wysiwyg-color.css" server="hapconsulting.net/www/" local="130434372000000000" remote="130904307000000000" Dst="-1" />
<file name="bootstrap-wysihtml5.css" server="38-plus.com/www/" local="130434372000000000" remote="131001897000000000" Dst="-1" />
<file name="bootstrap-wysihtml5.js" server="38-plus.com/www/" local="130434372000000000" remote="131001897000000000" Dst="-1" />
<file name="wysihtml5-0.3.0.js" server="38-plus.com/www/" local="130434372000000000" remote="131001897000000000" Dst="-1" />
<file name="wysiwyg-color.css" server="38-plus.com/www/" local="130434372000000000" remote="131001897000000000" Dst="-1" />
<file name="bootstrap-wysihtml5.css" server="lapetala.com/www/" local="130434372000000000" remote="131323422600000000" Dst="0" />
<file name="bootstrap-wysihtml5.js" server="lapetala.com/www/" local="130434372000000000" remote="131323422600000000" Dst="0" />
<file name="wysiwyg-color.css" server="lapetala.com/www/" local="130434372000000000" remote="131323422600000000" Dst="0" />
<file name="wysihtml5-0.3.0.js" server="lapetala.com/www/" local="130434372000000000" remote="131323422600000000" Dst="0" />
<file name="bootstrap-wysihtml5.css" server="haptracking.com/www/" local="130434372000000000" remote="131448857400000000" Dst="0" />
<file name="bootstrap-wysihtml5.js" server="haptracking.com/www/" local="130434372000000000" remote="131448857400000000" Dst="0" />
<file name="wysiwyg-color.css" server="haptracking.com/www/" local="130434372000000000" remote="131448857400000000" Dst="0" />
<file name="wysihtml5-0.3.0.js" server="haptracking.com/www/" local="130434372000000000" remote="131448857400000000" Dst="0" />
</dwsync>