<?xml version="1.0" encoding="utf-8" ?>
<dwsync>
<file name="c3-chart.init.js" server="serviciosortopedia.com/www/" local="130434372000000000" remote="130763423400000000" Dst="-1" />
<file name="c3.css" server="serviciosortopedia.com/www/" local="130434372000000000" remote="130763423400000000" Dst="-1" />
<file name="c3.js" server="serviciosortopedia.com/www/" local="130434372000000000" remote="130763423400000000" Dst="-1" />
<file name="c3.min.js" server="serviciosortopedia.com/www/" local="130434372000000000" remote="130763423400000000" Dst="-1" />
<file name="c3-chart.init.js" server="hapconsulting.net/www/" local="130434372000000000" remote="130904307000000000" Dst="-1" />
<file name="c3.css" server="hapconsulting.net/www/" local="130434372000000000" remote="130904307000000000" Dst="-1" />
<file name="c3.js" server="hapconsulting.net/www/" local="130434372000000000" remote="130904307000000000" Dst="-1" />
<file name="c3.min.js" server="hapconsulting.net/www/" local="130434372000000000" remote="130904307000000000" Dst="-1" />
<file name="c3-chart.init.js" server="38-plus.com/www/" local="130434372000000000" remote="131001897600000000" Dst="-1" />
<file name="c3.css" server="38-plus.com/www/" local="130434372000000000" remote="131001897600000000" Dst="-1" />
<file name="c3.js" server="38-plus.com/www/" local="130434372000000000" remote="131001897600000000" Dst="-1" />
<file name="c3.min.js" server="38-plus.com/www/" local="130434372000000000" remote="131001897600000000" Dst="-1" />
<file name="c3-chart.init.js" server="lapetala.com/www/" local="130434372000000000" remote="131323422600000000" Dst="0" />
<file name="c3.css" server="lapetala.com/www/" local="130434372000000000" remote="131323422600000000" Dst="0" />
<file name="c3.min.js" server="lapetala.com/www/" local="130434372000000000" remote="131323422600000000" Dst="0" />
<file name="c3.js" server="lapetala.com/www/" local="130434372000000000" remote="131323422600000000" Dst="0" />
<file name="c3-chart.init.js" server="haptracking.com/www/" local="130434372000000000" remote="131448857400000000" Dst="0" />
<file name="c3.css" server="haptracking.com/www/" local="130434372000000000" remote="131448857400000000" Dst="0" />
<file name="c3.js" server="haptracking.com/www/" local="130434372000000000" remote="131448857400000000" Dst="0" />
<file name="c3.min.js" server="haptracking.com/www/" local="130434372000000000" remote="131448857400000000" Dst="0" />
</dwsync>