<?xml version="1.0" encoding="utf-8" ?>
<dwsync>
<file name="posteddata.php" server="serviciosortopedia.com/www/" local="130434372000000000" remote="130763428800000000" Dst="-1" />
<file name="sample.css" server="serviciosortopedia.com/www/" local="130434372000000000" remote="130763428800000000" Dst="-1" />
<file name="sample.jpg" server="serviciosortopedia.com/www/" local="130434372000000000" remote="130763428800000000" Dst="-1" />
<file name="posteddata.php" server="hapconsulting.net/www/" local="130434372000000000" remote="130904309400000000" Dst="-1" />
<file name="sample.css" server="hapconsulting.net/www/" local="130434372000000000" remote="130904309400000000" Dst="-1" />
<file name="sample.jpg" server="hapconsulting.net/www/" local="130434372000000000" remote="130904309400000000" Dst="-1" />
<file name="posteddata.php" server="38-plus.com/www/" local="130434372000000000" remote="131001899400000000" Dst="-1" />
<file name="sample.css" server="38-plus.com/www/" local="130434372000000000" remote="131001899400000000" Dst="-1" />
<file name="sample.jpg" server="38-plus.com/www/" local="130434372000000000" remote="131001899400000000" Dst="-1" />
<file name="posteddata.php" server="lapetala.com/www/" local="130434372000000000" remote="131323423800000000" Dst="0" />
<file name="sample.css" server="lapetala.com/www/" local="130434372000000000" remote="131323423800000000" Dst="0" />
<file name="sample.jpg" server="lapetala.com/www/" local="130434372000000000" remote="131323423800000000" Dst="0" />
<file name="posteddata.php" server="haptracking.com/www/" local="130434372000000000" remote="131448858000000000" Dst="0" />
<file name="sample.css" server="haptracking.com/www/" local="130434372000000000" remote="131448858000000000" Dst="0" />
<file name="sample.jpg" server="haptracking.com/www/" local="130434372000000000" remote="131448858000000000" Dst="0" />
</dwsync>