<?xml version="1.0" encoding="utf-8" ?>
<dwsync>
<file name="dropzone-amd-module.js" server="serviciosortopedia.com/www/" local="130434372000000000" remote="130763430600000000" Dst="-1" />
<file name="dropzone.js" server="serviciosortopedia.com/www/" local="130598795940000000" remote="130763430600000000" Dst="-1" />
<file name="upload.php" server="serviciosortopedia.com/www/" local="130434372000000000" remote="130749045600000000" Dst="-1" />
<file name="dropzone-amd-module.js" server="hapconsulting.net/www/" local="130434372000000000" remote="130904310600000000" Dst="-1" />
<file name="dropzone.js" server="hapconsulting.net/www/" local="130598795940000000" remote="130904310600000000" Dst="-1" />
<file name="upload.php" server="hapconsulting.net/www/" local="130434372000000000" remote="130904310600000000" Dst="-1" />
<file name="dropzone-amd-module.js" server="38-plus.com/www/" local="130434372000000000" remote="131001900600000000" Dst="-1" />
<file name="dropzone.js" server="38-plus.com/www/" local="130598795940000000" remote="131001900600000000" Dst="-1" />
<file name="upload.php" server="38-plus.com/www/" local="130434372000000000" remote="131001900600000000" Dst="-1" />
<file name="dropzone-amd-module.js" server="lapetala.com/www/" local="130434372000000000" remote="131323424400000000" Dst="0" />
<file name="dropzone.js" server="lapetala.com/www/" local="130598795940000000" remote="131323424400000000" Dst="0" />
<file name="upload.php" server="lapetala.com/www/" local="130434372000000000" remote="131323424400000000" Dst="0" />
<file name="dropzone-amd-module.js" server="haptracking.com/www/" local="130434372000000000" remote="131448858600000000" Dst="0" />
<file name="dropzone.js" server="haptracking.com/www/" local="130598795940000000" remote="131448858600000000" Dst="0" />
<file name="upload.php" server="haptracking.com/www/" local="131459151962624596" remote="131459151600000000" Dst="0" />
</dwsync>