<?xml version="1.0" encoding="utf-8" ?>
<dwsync>
<file name="build-config.js" server="serviciosortopedia.com/www/" local="130434372000000000" remote="130763424000000000" Dst="-1" />
<file name="CHANGES.md" server="serviciosortopedia.com/www/" local="130434372000000000" remote="130763424000000000" Dst="-1" />
<file name="ckeditor.js" server="serviciosortopedia.com/www/" local="130434372000000000" remote="130763424000000000" Dst="-1" />
<file name="config.js" server="serviciosortopedia.com/www/" local="130434372000000000" remote="130763424000000000" Dst="-1" />
<file name="contents.css" server="serviciosortopedia.com/www/" local="130434372000000000" remote="130763424000000000" Dst="-1" />
<file name="LICENSE.md" server="serviciosortopedia.com/www/" local="130434372000000000" remote="130763425200000000" Dst="-1" />
<file name="README.md" server="serviciosortopedia.com/www/" local="130434372000000000" remote="130763428800000000" Dst="-1" />
<file name="styles.js" server="serviciosortopedia.com/www/" local="130434372000000000" remote="130763430000000000" Dst="-1" />
<file name="build-config.js" server="hapconsulting.net/www/" local="130434372000000000" remote="130904307600000000" Dst="-1" />
<file name="CHANGES.md" server="hapconsulting.net/www/" local="130434372000000000" remote="130904307600000000" Dst="-1" />
<file name="ckeditor.js" server="hapconsulting.net/www/" local="130434372000000000" remote="130904307600000000" Dst="-1" />
<file name="config.js" server="hapconsulting.net/www/" local="130434372000000000" remote="130904307600000000" Dst="-1" />
<file name="contents.css" server="hapconsulting.net/www/" local="130434372000000000" remote="130904307600000000" Dst="-1" />
<file name="LICENSE.md" server="hapconsulting.net/www/" local="130434372000000000" remote="130904308200000000" Dst="-1" />
<file name="README.md" server="hapconsulting.net/www/" local="130434372000000000" remote="130904309400000000" Dst="-1" />
<file name="styles.js" server="hapconsulting.net/www/" local="130434372000000000" remote="130904310000000000" Dst="-1" />
<file name="build-config.js" server="38-plus.com/www/" local="130434372000000000" remote="131001897600000000" Dst="-1" />
<file name="CHANGES.md" server="38-plus.com/www/" local="130434372000000000" remote="131001897600000000" Dst="-1" />
<file name="ckeditor.js" server="38-plus.com/www/" local="130434372000000000" remote="131001897600000000" Dst="-1" />
<file name="config.js" server="38-plus.com/www/" local="130434372000000000" remote="131001897600000000" Dst="-1" />
<file name="contents.css" server="38-plus.com/www/" local="130434372000000000" remote="131001897600000000" Dst="-1" />
<file name="LICENSE.md" server="38-plus.com/www/" local="130434372000000000" remote="131001898200000000" Dst="-1" />
<file name="README.md" server="38-plus.com/www/" local="130434372000000000" remote="131001899400000000" Dst="-1" />
<file name="styles.js" server="38-plus.com/www/" local="130434372000000000" remote="131001900000000000" Dst="-1" />
<file name="build-config.js" server="lapetala.com/www/" local="130434372000000000" remote="131323422600000000" Dst="0" />
<file name="CHANGES.md" server="lapetala.com/www/" local="130434372000000000" remote="131323422600000000" Dst="0" />
<file name="config.js" server="lapetala.com/www/" local="130434372000000000" remote="131323422600000000" Dst="0" />
<file name="contents.css" server="lapetala.com/www/" local="130434372000000000" remote="131323422600000000" Dst="0" />
<file name="ckeditor.js" server="lapetala.com/www/" local="130434372000000000" remote="131323422600000000" Dst="0" />
<file name="LICENSE.md" server="lapetala.com/www/" local="130434372000000000" remote="131323422600000000" Dst="0" />
<file name="README.md" server="lapetala.com/www/" local="130434372000000000" remote="131323423200000000" Dst="0" />
<file name="styles.js" server="lapetala.com/www/" local="130434372000000000" remote="131323423800000000" Dst="0" />
<file name="build-config.js" server="haptracking.com/www/" local="130434372000000000" remote="131448857400000000" Dst="0" />
<file name="config.js" server="haptracking.com/www/" local="130434372000000000" remote="131448857400000000" Dst="0" />
<file name="CHANGES.md" server="haptracking.com/www/" local="130434372000000000" remote="131448857400000000" Dst="0" />
<file name="contents.css" server="haptracking.com/www/" local="130434372000000000" remote="131448857400000000" Dst="0" />
<file name="ckeditor.js" server="haptracking.com/www/" local="130434372000000000" remote="131448857400000000" Dst="0" />
<file name="LICENSE.md" server="haptracking.com/www/" local="130434372000000000" remote="131448857400000000" Dst="0" />
<file name="README.md" server="haptracking.com/www/" local="130434372000000000" remote="131448858000000000" Dst="0" />
<file name="styles.js" server="haptracking.com/www/" local="130434372000000000" remote="131448858600000000" Dst="0" />
</dwsync>