<?xml version="1.0" encoding="utf-8" ?>
<dwsync>
<file name="image1.jpg" server="serviciosortopedia.com/www/" local="130434372000000000" remote="130763419200000000" Dst="-1" />
<file name="image2.jpg" server="serviciosortopedia.com/www/" local="130434372000000000" remote="130763419200000000" Dst="-1" />
<file name="image3.jpg" server="serviciosortopedia.com/www/" local="130434372000000000" remote="130763419200000000" Dst="-1" />
<file name="image4.jpg" server="serviciosortopedia.com/www/" local="130434372000000000" remote="130763419200000000" Dst="-1" />
<file name="image5.jpg" server="serviciosortopedia.com/www/" local="130434372000000000" remote="130763419200000000" Dst="-1" />
<file name="sm-img-1.jpg" server="serviciosortopedia.com/www/" local="130434372000000000" remote="130763419200000000" Dst="-1" />
<file name="sm-img-2.jpg" server="serviciosortopedia.com/www/" local="130434372000000000" remote="130763419200000000" Dst="-1" />
<file name="sm-img-3.jpg" server="serviciosortopedia.com/www/" local="130434372000000000" remote="130763419200000000" Dst="-1" />
<file name="image1.jpg" server="hapconsulting.net/www/" local="130434372000000000" remote="130904305200000000" Dst="-1" />
<file name="image2.jpg" server="hapconsulting.net/www/" local="130434372000000000" remote="130904305200000000" Dst="-1" />
<file name="image3.jpg" server="hapconsulting.net/www/" local="130434372000000000" remote="130904305200000000" Dst="-1" />
<file name="image4.jpg" server="hapconsulting.net/www/" local="130434372000000000" remote="130904305200000000" Dst="-1" />
<file name="image5.jpg" server="hapconsulting.net/www/" local="130434372000000000" remote="130904305200000000" Dst="-1" />
<file name="sm-img-1.jpg" server="hapconsulting.net/www/" local="130434372000000000" remote="130904305200000000" Dst="-1" />
<file name="sm-img-2.jpg" server="hapconsulting.net/www/" local="130434372000000000" remote="130904305200000000" Dst="-1" />
<file name="sm-img-3.jpg" server="hapconsulting.net/www/" local="130434372000000000" remote="130904305200000000" Dst="-1" />
<file name="image1.jpg" server="38-plus.com/www/" local="130434372000000000" remote="131001895200000000" Dst="-1" />
<file name="image2.jpg" server="38-plus.com/www/" local="130434372000000000" remote="131001895200000000" Dst="-1" />
<file name="image3.jpg" server="38-plus.com/www/" local="130434372000000000" remote="131001895200000000" Dst="-1" />
<file name="image4.jpg" server="38-plus.com/www/" local="130434372000000000" remote="131001895200000000" Dst="-1" />
<file name="image5.jpg" server="38-plus.com/www/" local="130434372000000000" remote="131001895200000000" Dst="-1" />
<file name="sm-img-1.jpg" server="38-plus.com/www/" local="130434372000000000" remote="131001895200000000" Dst="-1" />
<file name="sm-img-2.jpg" server="38-plus.com/www/" local="130434372000000000" remote="131001895800000000" Dst="-1" />
<file name="sm-img-3.jpg" server="38-plus.com/www/" local="130434372000000000" remote="131001895800000000" Dst="-1" />
<file name="image1.jpg" server="lapetala.com/www/" local="130434372000000000" remote="131323422000000000" Dst="0" />
<file name="image3.jpg" server="lapetala.com/www/" local="130434372000000000" remote="131323422000000000" Dst="0" />
<file name="image2.jpg" server="lapetala.com/www/" local="130434372000000000" remote="131323422000000000" Dst="0" />
<file name="image4.jpg" server="lapetala.com/www/" local="130434372000000000" remote="131323422000000000" Dst="0" />
<file name="sm-img-1.jpg" server="lapetala.com/www/" local="130434372000000000" remote="131323422000000000" Dst="0" />
<file name="image5.jpg" server="lapetala.com/www/" local="130434372000000000" remote="131323422000000000" Dst="0" />
<file name="sm-img-2.jpg" server="lapetala.com/www/" local="130434372000000000" remote="131323422000000000" Dst="0" />
<file name="sm-img-3.jpg" server="lapetala.com/www/" local="130434372000000000" remote="131323422000000000" Dst="0" />
<file name="image1.jpg" server="haptracking.com/www/" local="130434372000000000" remote="131448856200000000" Dst="0" />
<file name="image3.jpg" server="haptracking.com/www/" local="130434372000000000" remote="131448856200000000" Dst="0" />
<file name="image2.jpg" server="haptracking.com/www/" local="130434372000000000" remote="131448856200000000" Dst="0" />
<file name="image4.jpg" server="haptracking.com/www/" local="130434372000000000" remote="131448856200000000" Dst="0" />
<file name="sm-img-2.jpg" server="haptracking.com/www/" local="130434372000000000" remote="131448856200000000" Dst="0" />
<file name="sm-img-1.jpg" server="haptracking.com/www/" local="130434372000000000" remote="131448856200000000" Dst="0" />
<file name="image5.jpg" server="haptracking.com/www/" local="130434372000000000" remote="131448856200000000" Dst="0" />
<file name="sm-img-3.jpg" server="haptracking.com/www/" local="130434372000000000" remote="131448856200000000" Dst="0" />
</dwsync>