<?xml version="1.0" encoding="utf-8" ?>
<dwsync>
<file name="bootstrap-fileupload.min.css" server="serviciosortopedia.com/www/" local="130598795860000000" remote="130763418000000000" Dst="-1" />
<file name="bootstrap-reset.css" server="serviciosortopedia.com/www/" local="130604789140000000" remote="130763418000000000" Dst="-1" />
<file name="bootstrap.css" server="serviciosortopedia.com/www/" local="130434372000000000" remote="130763418000000000" Dst="-1" />
<file name="bootstrap.min.css" server="serviciosortopedia.com/www/" local="130604789200000000" remote="130763418000000000" Dst="-1" />
<file name="clndr.css" server="serviciosortopedia.com/www/" local="130604789120000000" remote="130763418000000000" Dst="-1" />
<file name="jquery-ui-1.10.3.css" server="serviciosortopedia.com/www/" local="130604789140000000" remote="130763418000000000" Dst="-1" />
<file name="jquery.stepy.css" server="serviciosortopedia.com/www/" local="130434372000000000" remote="130763418000000000" Dst="-1" />
<file name="style-responsive.css" server="serviciosortopedia.com/www/" local="130604789200000000" remote="130763418000000000" Dst="-1" />
<file name="style.css" server="serviciosortopedia.com/www/" local="130608369600000000" remote="130763418000000000" Dst="-1" />
<file name="table-responsive.css" server="serviciosortopedia.com/www/" local="130434372000000000" remote="130763418000000000" Dst="-1" />
<file name="bootstrap-fileupload.min.css" server="hapconsulting.net/www/" local="130598795860000000" remote="130904304000000000" Dst="-1" />
<file name="bootstrap-reset.css" server="hapconsulting.net/www/" local="130604789140000000" remote="130904304000000000" Dst="-1" />
<file name="bootstrap.css" server="hapconsulting.net/www/" local="130434372000000000" remote="130904304000000000" Dst="-1" />
<file name="bootstrap.min.css" server="hapconsulting.net/www/" local="130604789200000000" remote="130904304000000000" Dst="-1" />
<file name="clndr.css" server="hapconsulting.net/www/" local="130604789120000000" remote="130904304000000000" Dst="-1" />
<file name="jquery-ui-1.10.3.css" server="hapconsulting.net/www/" local="130604789140000000" remote="130904304000000000" Dst="-1" />
<file name="jquery.stepy.css" server="hapconsulting.net/www/" local="130434372000000000" remote="130904304000000000" Dst="-1" />
<file name="style-responsive.css" server="hapconsulting.net/www/" local="130604789200000000" remote="130904304000000000" Dst="-1" />
<file name="style.css" server="hapconsulting.net/www/" local="130608369600000000" remote="130904304000000000" Dst="-1" />
<file name="table-responsive.css" server="hapconsulting.net/www/" local="130434372000000000" remote="130904304000000000" Dst="-1" />
<file name="bootstrap-fileupload.min.css" server="38-plus.com/www/" local="130598795860000000" remote="131001894600000000" Dst="-1" />
<file name="bootstrap-reset.css" server="38-plus.com/www/" local="130604789140000000" remote="131001894600000000" Dst="-1" />
<file name="bootstrap.css" server="38-plus.com/www/" local="130434372000000000" remote="131001894600000000" Dst="-1" />
<file name="bootstrap.min.css" server="38-plus.com/www/" local="130604789200000000" remote="131001894600000000" Dst="-1" />
<file name="clndr.css" server="38-plus.com/www/" local="130604789120000000" remote="131001894600000000" Dst="-1" />
<file name="jquery-ui-1.10.3.css" server="38-plus.com/www/" local="130604789140000000" remote="131001894600000000" Dst="-1" />
<file name="jquery.stepy.css" server="38-plus.com/www/" local="130434372000000000" remote="131001894600000000" Dst="-1" />
<file name="style-responsive.css" server="38-plus.com/www/" local="130604789200000000" remote="131001894600000000" Dst="-1" />
<file name="style.css" server="38-plus.com/www/" local="130608369600000000" remote="131001894600000000" Dst="-1" />
<file name="table-responsive.css" server="38-plus.com/www/" local="130434372000000000" remote="131001894600000000" Dst="-1" />
<file name="bootstrap-fileupload.min.css" server="lapetala.com/www/" local="130598795860000000" remote="131323421400000000" Dst="0" />
<file name="bootstrap-reset.css" server="lapetala.com/www/" local="130604789140000000" remote="131323421400000000" Dst="0" />
<file name="clndr.css" server="lapetala.com/www/" local="130604789120000000" remote="131323421400000000" Dst="0" />
<file name="bootstrap.min.css" server="lapetala.com/www/" local="130604789200000000" remote="131323421400000000" Dst="0" />
<file name="bootstrap.css" server="lapetala.com/www/" local="130434372000000000" remote="131323421400000000" Dst="0" />
<file name="jquery-ui-1.10.3.css" server="lapetala.com/www/" local="130604789140000000" remote="131323421400000000" Dst="0" />
<file name="jquery.stepy.css" server="lapetala.com/www/" local="130434372000000000" remote="131323421400000000" Dst="0" />
<file name="table-responsive.css" server="lapetala.com/www/" local="130434372000000000" remote="131323421400000000" Dst="0" />
<file name="style.css" server="lapetala.com/www/" local="130608369600000000" remote="131323421400000000" Dst="0" />
<file name="style-responsive.css" server="lapetala.com/www/" local="130604789200000000" remote="131323421400000000" Dst="0" />
<file name="bootstrap-fileupload.min.css" server="haptracking.com/www/" local="130598795860000000" remote="131448856200000000" Dst="0" />
<file name="bootstrap-reset.css" server="haptracking.com/www/" local="130604789140000000" remote="131448856200000000" Dst="0" />
<file name="bootstrap.css" server="haptracking.com/www/" local="130434372000000000" remote="131448856200000000" Dst="0" />
<file name="clndr.css" server="haptracking.com/www/" local="130604789120000000" remote="131448856200000000" Dst="0" />
<file name="bootstrap.min.css" server="haptracking.com/www/" local="130604789200000000" remote="131448856200000000" Dst="0" />
<file name="jquery-ui-1.10.3.css" server="haptracking.com/www/" local="130604789140000000" remote="131448856200000000" Dst="0" />
<file name="jquery.stepy.css" server="haptracking.com/www/" local="130434372000000000" remote="131448856200000000" Dst="0" />
<file name="style-responsive.css" server="haptracking.com/www/" local="130604789200000000" remote="131448856200000000" Dst="0" />
<file name="style.css" server="haptracking.com/www/" local="131448881588834497" remote="131448881400000000" Dst="0" />
<file name="table-responsive.css" server="haptracking.com/www/" local="130434372000000000" remote="131448856200000000" Dst="0" />
</dwsync>