<?xml version="1.0" encoding="utf-8" ?>
<dwsync>
<file name="ajax.html" server="serviciosortopedia.com/www/" local="130434372000000000" remote="130763428800000000" Dst="-1" />
<file name="api.html" server="serviciosortopedia.com/www/" local="130434372000000000" remote="130763428800000000" Dst="-1" />
<file name="appendto.html" server="serviciosortopedia.com/www/" local="130434372000000000" remote="130763428800000000" Dst="-1" />
<file name="divreplace.html" server="serviciosortopedia.com/www/" local="130434372000000000" remote="130763428800000000" Dst="-1" />
<file name="index.html" server="serviciosortopedia.com/www/" local="130434372000000000" remote="130763428800000000" Dst="-1" />
<file name="inlineall.html" server="serviciosortopedia.com/www/" local="130434372000000000" remote="130763428800000000" Dst="-1" />
<file name="inlinebycode.html" server="serviciosortopedia.com/www/" local="130434372000000000" remote="130763428800000000" Dst="-1" />
<file name="readonly.html" server="serviciosortopedia.com/www/" local="130434372000000000" remote="130763429400000000" Dst="-1" />
<file name="replacebyclass.html" server="serviciosortopedia.com/www/" local="130434372000000000" remote="130763429400000000" Dst="-1" />
<file name="replacebycode.html" server="serviciosortopedia.com/www/" local="130434372000000000" remote="130763429400000000" Dst="-1" />
<file name="sample.css" server="serviciosortopedia.com/www/" local="130434372000000000" remote="130763429400000000" Dst="-1" />
<file name="sample.js" server="serviciosortopedia.com/www/" local="130434372000000000" remote="130763429400000000" Dst="-1" />
<file name="sample_posteddata.php" server="serviciosortopedia.com/www/" local="130434372000000000" remote="130763429400000000" Dst="-1" />
<file name="tabindex.html" server="serviciosortopedia.com/www/" local="130434372000000000" remote="130763429400000000" Dst="-1" />
<file name="uicolor.html" server="serviciosortopedia.com/www/" local="130434372000000000" remote="130763429400000000" Dst="-1" />
<file name="uilanguages.html" server="serviciosortopedia.com/www/" local="130434372000000000" remote="130763430000000000" Dst="-1" />
<file name="xhtmlstyle.html" server="serviciosortopedia.com/www/" local="130434372000000000" remote="130763430000000000" Dst="-1" />
<file name="ajax.html" server="hapconsulting.net/www/" local="130434372000000000" remote="130904309400000000" Dst="-1" />
<file name="api.html" server="hapconsulting.net/www/" local="130434372000000000" remote="130904309400000000" Dst="-1" />
<file name="appendto.html" server="hapconsulting.net/www/" local="130434372000000000" remote="130904309400000000" Dst="-1" />
<file name="divreplace.html" server="hapconsulting.net/www/" local="130434372000000000" remote="130904309400000000" Dst="-1" />
<file name="index.html" server="hapconsulting.net/www/" local="130434372000000000" remote="130904309400000000" Dst="-1" />
<file name="inlineall.html" server="hapconsulting.net/www/" local="130434372000000000" remote="130904309400000000" Dst="-1" />
<file name="inlinebycode.html" server="hapconsulting.net/www/" local="130434372000000000" remote="130904309400000000" Dst="-1" />
<file name="readonly.html" server="hapconsulting.net/www/" local="130434372000000000" remote="130904310000000000" Dst="-1" />
<file name="replacebyclass.html" server="hapconsulting.net/www/" local="130434372000000000" remote="130904310000000000" Dst="-1" />
<file name="replacebycode.html" server="hapconsulting.net/www/" local="130434372000000000" remote="130904310000000000" Dst="-1" />
<file name="sample.css" server="hapconsulting.net/www/" local="130434372000000000" remote="130904310000000000" Dst="-1" />
<file name="sample.js" server="hapconsulting.net/www/" local="130434372000000000" remote="130904310000000000" Dst="-1" />
<file name="sample_posteddata.php" server="hapconsulting.net/www/" local="130434372000000000" remote="130904310000000000" Dst="-1" />
<file name="tabindex.html" server="hapconsulting.net/www/" local="130434372000000000" remote="130904310000000000" Dst="-1" />
<file name="uicolor.html" server="hapconsulting.net/www/" local="130434372000000000" remote="130904310000000000" Dst="-1" />
<file name="uilanguages.html" server="hapconsulting.net/www/" local="130434372000000000" remote="130904310000000000" Dst="-1" />
<file name="xhtmlstyle.html" server="hapconsulting.net/www/" local="130434372000000000" remote="130904310000000000" Dst="-1" />
<file name="ajax.html" server="38-plus.com/www/" local="130434372000000000" remote="131001899400000000" Dst="-1" />
<file name="api.html" server="38-plus.com/www/" local="130434372000000000" remote="131001899400000000" Dst="-1" />
<file name="appendto.html" server="38-plus.com/www/" local="130434372000000000" remote="131001899400000000" Dst="-1" />
<file name="divreplace.html" server="38-plus.com/www/" local="130434372000000000" remote="131001899400000000" Dst="-1" />
<file name="index.html" server="38-plus.com/www/" local="130434372000000000" remote="131001899400000000" Dst="-1" />
<file name="inlineall.html" server="38-plus.com/www/" local="130434372000000000" remote="131001899400000000" Dst="-1" />
<file name="inlinebycode.html" server="38-plus.com/www/" local="130434372000000000" remote="131001899400000000" Dst="-1" />
<file name="readonly.html" server="38-plus.com/www/" local="130434372000000000" remote="131001900000000000" Dst="-1" />
<file name="replacebyclass.html" server="38-plus.com/www/" local="130434372000000000" remote="131001900000000000" Dst="-1" />
<file name="replacebycode.html" server="38-plus.com/www/" local="130434372000000000" remote="131001900000000000" Dst="-1" />
<file name="sample.css" server="38-plus.com/www/" local="130434372000000000" remote="131001900000000000" Dst="-1" />
<file name="sample.js" server="38-plus.com/www/" local="130434372000000000" remote="131001900000000000" Dst="-1" />
<file name="sample_posteddata.php" server="38-plus.com/www/" local="130434372000000000" remote="131001900000000000" Dst="-1" />
<file name="tabindex.html" server="38-plus.com/www/" local="130434372000000000" remote="131001900000000000" Dst="-1" />
<file name="uicolor.html" server="38-plus.com/www/" local="130434372000000000" remote="131001900000000000" Dst="-1" />
<file name="uilanguages.html" server="38-plus.com/www/" local="130434372000000000" remote="131001900000000000" Dst="-1" />
<file name="xhtmlstyle.html" server="38-plus.com/www/" local="130434372000000000" remote="131001900000000000" Dst="-1" />
<file name="ajax.html" server="lapetala.com/www/" local="130434372000000000" remote="131323423800000000" Dst="0" />
<file name="appendto.html" server="lapetala.com/www/" local="130434372000000000" remote="131323423800000000" Dst="0" />
<file name="api.html" server="lapetala.com/www/" local="130434372000000000" remote="131323423800000000" Dst="0" />
<file name="divreplace.html" server="lapetala.com/www/" local="130434372000000000" remote="131323423800000000" Dst="0" />
<file name="index.html" server="lapetala.com/www/" local="130434372000000000" remote="131323423800000000" Dst="0" />
<file name="inlineall.html" server="lapetala.com/www/" local="130434372000000000" remote="131323423800000000" Dst="0" />
<file name="inlinebycode.html" server="lapetala.com/www/" local="130434372000000000" remote="131323423800000000" Dst="0" />
<file name="readonly.html" server="lapetala.com/www/" local="130434372000000000" remote="131323423800000000" Dst="0" />
<file name="replacebyclass.html" server="lapetala.com/www/" local="130434372000000000" remote="131323423800000000" Dst="0" />
<file name="replacebycode.html" server="lapetala.com/www/" local="130434372000000000" remote="131323423800000000" Dst="0" />
<file name="sample_posteddata.php" server="lapetala.com/www/" local="130434372000000000" remote="131323423800000000" Dst="0" />
<file name="sample.css" server="lapetala.com/www/" local="130434372000000000" remote="131323423800000000" Dst="0" />
<file name="sample.js" server="lapetala.com/www/" local="130434372000000000" remote="131323423800000000" Dst="0" />
<file name="uilanguages.html" server="lapetala.com/www/" local="130434372000000000" remote="131323423800000000" Dst="0" />
<file name="tabindex.html" server="lapetala.com/www/" local="130434372000000000" remote="131323423800000000" Dst="0" />
<file name="uicolor.html" server="lapetala.com/www/" local="130434372000000000" remote="131323423800000000" Dst="0" />
<file name="xhtmlstyle.html" server="lapetala.com/www/" local="130434372000000000" remote="131323423800000000" Dst="0" />
<file name="ajax.html" server="haptracking.com/www/" local="130434372000000000" remote="131448858000000000" Dst="0" />
<file name="appendto.html" server="haptracking.com/www/" local="130434372000000000" remote="131448858000000000" Dst="0" />
<file name="api.html" server="haptracking.com/www/" local="130434372000000000" remote="131448858000000000" Dst="0" />
<file name="divreplace.html" server="haptracking.com/www/" local="130434372000000000" remote="131448858000000000" Dst="0" />
<file name="index.html" server="haptracking.com/www/" local="130434372000000000" remote="131448858000000000" Dst="0" />
<file name="inlineall.html" server="haptracking.com/www/" local="130434372000000000" remote="131448858000000000" Dst="0" />
<file name="inlinebycode.html" server="haptracking.com/www/" local="130434372000000000" remote="131448858000000000" Dst="0" />
<file name="readonly.html" server="haptracking.com/www/" local="130434372000000000" remote="131448858600000000" Dst="0" />
<file name="replacebyclass.html" server="haptracking.com/www/" local="130434372000000000" remote="131448858600000000" Dst="0" />
<file name="replacebycode.html" server="haptracking.com/www/" local="130434372000000000" remote="131448858600000000" Dst="0" />
<file name="sample.css" server="haptracking.com/www/" local="130434372000000000" remote="131448858600000000" Dst="0" />
<file name="sample.js" server="haptracking.com/www/" local="130434372000000000" remote="131448858600000000" Dst="0" />
<file name="sample_posteddata.php" server="haptracking.com/www/" local="130434372000000000" remote="131448858600000000" Dst="0" />
<file name="tabindex.html" server="haptracking.com/www/" local="130434372000000000" remote="131448858600000000" Dst="0" />
<file name="uicolor.html" server="haptracking.com/www/" local="130434372000000000" remote="131448858600000000" Dst="0" />
<file name="uilanguages.html" server="haptracking.com/www/" local="130434372000000000" remote="131448858600000000" Dst="0" />
<file name="xhtmlstyle.html" server="haptracking.com/www/" local="130434372000000000" remote="131448858600000000" Dst="0" />
</dwsync>