<?xml version="1.0" encoding="utf-8" ?>
<dwsync>
<file name="easypiechart-init.js" server="serviciosortopedia.com/www/" local="130604789180000000" remote="130763430600000000" Dst="-1" />
<file name="easypiechart.js" server="serviciosortopedia.com/www/" local="130434372000000000" remote="130763430600000000" Dst="-1" />
<file name="jquery.easypiechart.js" server="serviciosortopedia.com/www/" local="130604789140000000" remote="130763430600000000" Dst="-1" />
<file name="jquery.easypiechart.min.js" server="serviciosortopedia.com/www/" local="130434372000000000" remote="130763430600000000" Dst="-1" />
<file name="easypiechart-init.js" server="hapconsulting.net/www/" local="130604789180000000" remote="130904310600000000" Dst="-1" />
<file name="easypiechart.js" server="hapconsulting.net/www/" local="130434372000000000" remote="130904310600000000" Dst="-1" />
<file name="jquery.easypiechart.js" server="hapconsulting.net/www/" local="130604789140000000" remote="130904310600000000" Dst="-1" />
<file name="jquery.easypiechart.min.js" server="hapconsulting.net/www/" local="130434372000000000" remote="130904310600000000" Dst="-1" />
<file name="easypiechart-init.js" server="38-plus.com/www/" local="130604789180000000" remote="131001900600000000" Dst="-1" />
<file name="easypiechart.js" server="38-plus.com/www/" local="130434372000000000" remote="131001900600000000" Dst="-1" />
<file name="jquery.easypiechart.js" server="38-plus.com/www/" local="130604789140000000" remote="131001900600000000" Dst="-1" />
<file name="jquery.easypiechart.min.js" server="38-plus.com/www/" local="130434372000000000" remote="131001900600000000" Dst="-1" />
<file name="easypiechart-init.js" server="lapetala.com/www/" local="130604789180000000" remote="131323424400000000" Dst="0" />
<file name="jquery.easypiechart.js" server="lapetala.com/www/" local="130604789140000000" remote="131323424400000000" Dst="0" />
<file name="jquery.easypiechart.min.js" server="lapetala.com/www/" local="130434372000000000" remote="131323424400000000" Dst="0" />
<file name="easypiechart.js" server="lapetala.com/www/" local="130434372000000000" remote="131323424400000000" Dst="0" />
<file name="easypiechart-init.js" server="haptracking.com/www/" local="130604789180000000" remote="131448858600000000" Dst="0" />
<file name="jquery.easypiechart.js" server="haptracking.com/www/" local="130604789140000000" remote="131448858600000000" Dst="0" />
<file name="easypiechart.js" server="haptracking.com/www/" local="130434372000000000" remote="131448858600000000" Dst="0" />
<file name="jquery.easypiechart.min.js" server="haptracking.com/www/" local="130434372000000000" remote="131448858600000000" Dst="0" />
</dwsync>