<?xml version="1.0" encoding="utf-8" ?>
<dwsync>
<file name="Chart.js" server="serviciosortopedia.com/www/" local="130434372000000000" remote="130763423400000000" Dst="-1" />
<file name="Chart.min.js" server="serviciosortopedia.com/www/" local="130434372000000000" remote="130763424000000000" Dst="-1" />
<file name="chartjs.init.js" server="serviciosortopedia.com/www/" local="130434372000000000" remote="130763424000000000" Dst="-1" />
<file name="Chart.js" server="hapconsulting.net/www/" local="130434372000000000" remote="130904307000000000" Dst="-1" />
<file name="Chart.min.js" server="hapconsulting.net/www/" local="130434372000000000" remote="130904307000000000" Dst="-1" />
<file name="chartjs.init.js" server="hapconsulting.net/www/" local="130434372000000000" remote="130904307000000000" Dst="-1" />
<file name="Chart.js" server="38-plus.com/www/" local="130434372000000000" remote="131001897600000000" Dst="-1" />
<file name="Chart.min.js" server="38-plus.com/www/" local="130434372000000000" remote="131001897600000000" Dst="-1" />
<file name="chartjs.init.js" server="38-plus.com/www/" local="130434372000000000" remote="131001897600000000" Dst="-1" />
<file name="Chart.js" server="lapetala.com/www/" local="130434372000000000" remote="131323422600000000" Dst="0" />
<file name="chartjs.init.js" server="lapetala.com/www/" local="130434372000000000" remote="131323422600000000" Dst="0" />
<file name="Chart.min.js" server="lapetala.com/www/" local="130434372000000000" remote="131323422600000000" Dst="0" />
<file name="Chart.js" server="haptracking.com/www/" local="130434372000000000" remote="131448857400000000" Dst="0" />
<file name="chartjs.init.js" server="haptracking.com/www/" local="130434372000000000" remote="131448857400000000" Dst="0" />
<file name="Chart.min.js" server="haptracking.com/www/" local="130434372000000000" remote="131448857400000000" Dst="0" />
</dwsync>