<?xml version="1.0" encoding="utf-8" ?>
<dwsync>
<file name="api.internal.js" server="serviciosortopedia.com/www/" local="130434372000000000" remote="130763421000000000" Dst="-1" />
<file name="api.methods.js" server="serviciosortopedia.com/www/" local="130434372000000000" remote="130763421000000000" Dst="-1" />
<file name="api.static.js" server="serviciosortopedia.com/www/" local="130434372000000000" remote="130763421000000000" Dst="-1" />
<file name="api.internal.js" server="hapconsulting.net/www/" local="130434372000000000" remote="130904305800000000" Dst="-1" />
<file name="api.methods.js" server="hapconsulting.net/www/" local="130434372000000000" remote="130904305800000000" Dst="-1" />
<file name="api.static.js" server="hapconsulting.net/www/" local="130434372000000000" remote="130904305800000000" Dst="-1" />
<file name="api.internal.js" server="38-plus.com/www/" local="130434372000000000" remote="131001896400000000" Dst="-1" />
<file name="api.methods.js" server="38-plus.com/www/" local="130434372000000000" remote="131001896400000000" Dst="-1" />
<file name="api.static.js" server="38-plus.com/www/" local="130434372000000000" remote="131001896400000000" Dst="-1" />
<file name="api.internal.js" server="lapetala.com/www/" local="130434372000000000" remote="131323422000000000" Dst="0" />
<file name="api.methods.js" server="lapetala.com/www/" local="130434372000000000" remote="131323422000000000" Dst="0" />
<file name="api.static.js" server="lapetala.com/www/" local="130434372000000000" remote="131323422000000000" Dst="0" />
<file name="api.internal.js" server="haptracking.com/www/" local="130434372000000000" remote="131448856800000000" Dst="0" />
<file name="api.static.js" server="haptracking.com/www/" local="130434372000000000" remote="131448856800000000" Dst="0" />
<file name="api.methods.js" server="haptracking.com/www/" local="130434372000000000" remote="131448856800000000" Dst="0" />
</dwsync>