<?xml version="1.0" encoding="utf-8" ?>
<dwsync>
<file name="font-awesome.css" server="serviciosortopedia.com/www/" local="130434372000000000" remote="130763418000000000" Dst="-1" />
<file name="font-awesome.min.css" server="serviciosortopedia.com/www/" local="130604789140000000" remote="130763418000000000" Dst="-1" />
<file name="font-awesome.css" server="hapconsulting.net/www/" local="130434372000000000" remote="130904304600000000" Dst="-1" />
<file name="font-awesome.min.css" server="hapconsulting.net/www/" local="130604789140000000" remote="130904304600000000" Dst="-1" />
<file name="font-awesome.css" server="38-plus.com/www/" local="130434372000000000" remote="131001895200000000" Dst="-1" />
<file name="font-awesome.min.css" server="38-plus.com/www/" local="130604789140000000" remote="131001895200000000" Dst="-1" />
<file name="font-awesome.css" server="lapetala.com/www/" local="130434372000000000" remote="131323421400000000" Dst="0" />
<file name="font-awesome.min.css" server="lapetala.com/www/" local="130604789140000000" remote="131323421400000000" Dst="0" />
<file name="font-awesome.css" server="haptracking.com/www/" local="130434372000000000" remote="131448856200000000" Dst="0" />
<file name="font-awesome.min.css" server="haptracking.com/www/" local="130604789140000000" remote="131448856200000000" Dst="0" />
</dwsync>