<?xml version="1.0" encoding="utf-8" ?>
<dwsync>
<file name="core.ajax.js" server="serviciosortopedia.com/www/" local="130434372000000000" remote="130763421000000000" Dst="-1" />
<file name="core.columns.js" server="serviciosortopedia.com/www/" local="130434372000000000" remote="130763421000000000" Dst="-1" />
<file name="core.constructor.js" server="serviciosortopedia.com/www/" local="130434372000000000" remote="130763421000000000" Dst="-1" />
<file name="core.data.js" server="serviciosortopedia.com/www/" local="130434372000000000" remote="130763421000000000" Dst="-1" />
<file name="core.draw.js" server="serviciosortopedia.com/www/" local="130434372000000000" remote="130763421000000000" Dst="-1" />
<file name="core.filter.js" server="serviciosortopedia.com/www/" local="130434372000000000" remote="130763421000000000" Dst="-1" />
<file name="core.info.js" server="serviciosortopedia.com/www/" local="130434372000000000" remote="130763421000000000" Dst="-1" />
<file name="core.init.js" server="serviciosortopedia.com/www/" local="130434372000000000" remote="130763421000000000" Dst="-1" />
<file name="core.length.js" server="serviciosortopedia.com/www/" local="130434372000000000" remote="130763421000000000" Dst="-1" />
<file name="core.page.js" server="serviciosortopedia.com/www/" local="130434372000000000" remote="130763421000000000" Dst="-1" />
<file name="core.processing.js" server="serviciosortopedia.com/www/" local="130434372000000000" remote="130763421000000000" Dst="-1" />
<file name="core.scrolling.js" server="serviciosortopedia.com/www/" local="130434372000000000" remote="130763421000000000" Dst="-1" />
<file name="core.sizing.js" server="serviciosortopedia.com/www/" local="130434372000000000" remote="130763421000000000" Dst="-1" />
<file name="core.sort.js" server="serviciosortopedia.com/www/" local="130434372000000000" remote="130763421000000000" Dst="-1" />
<file name="core.state.js" server="serviciosortopedia.com/www/" local="130434372000000000" remote="130763421000000000" Dst="-1" />
<file name="core.support.js" server="serviciosortopedia.com/www/" local="130434372000000000" remote="130763421000000000" Dst="-1" />
<file name="core.ajax.js" server="hapconsulting.net/www/" local="130434372000000000" remote="130904305800000000" Dst="-1" />
<file name="core.columns.js" server="hapconsulting.net/www/" local="130434372000000000" remote="130904305800000000" Dst="-1" />
<file name="core.constructor.js" server="hapconsulting.net/www/" local="130434372000000000" remote="130904305800000000" Dst="-1" />
<file name="core.data.js" server="hapconsulting.net/www/" local="130434372000000000" remote="130904305800000000" Dst="-1" />
<file name="core.draw.js" server="hapconsulting.net/www/" local="130434372000000000" remote="130904305800000000" Dst="-1" />
<file name="core.filter.js" server="hapconsulting.net/www/" local="130434372000000000" remote="130904305800000000" Dst="-1" />
<file name="core.info.js" server="hapconsulting.net/www/" local="130434372000000000" remote="130904305800000000" Dst="-1" />
<file name="core.init.js" server="hapconsulting.net/www/" local="130434372000000000" remote="130904305800000000" Dst="-1" />
<file name="core.length.js" server="hapconsulting.net/www/" local="130434372000000000" remote="130904305800000000" Dst="-1" />
<file name="core.page.js" server="hapconsulting.net/www/" local="130434372000000000" remote="130904305800000000" Dst="-1" />
<file name="core.processing.js" server="hapconsulting.net/www/" local="130434372000000000" remote="130904305800000000" Dst="-1" />
<file name="core.scrolling.js" server="hapconsulting.net/www/" local="130434372000000000" remote="130904305800000000" Dst="-1" />
<file name="core.sizing.js" server="hapconsulting.net/www/" local="130434372000000000" remote="130904305800000000" Dst="-1" />
<file name="core.sort.js" server="hapconsulting.net/www/" local="130434372000000000" remote="130904305800000000" Dst="-1" />
<file name="core.state.js" server="hapconsulting.net/www/" local="130434372000000000" remote="130904305800000000" Dst="-1" />
<file name="core.support.js" server="hapconsulting.net/www/" local="130434372000000000" remote="130904305800000000" Dst="-1" />
<file name="core.ajax.js" server="38-plus.com/www/" local="130434372000000000" remote="131001896400000000" Dst="-1" />
<file name="core.columns.js" server="38-plus.com/www/" local="130434372000000000" remote="131001896400000000" Dst="-1" />
<file name="core.constructor.js" server="38-plus.com/www/" local="130434372000000000" remote="131001896400000000" Dst="-1" />
<file name="core.data.js" server="38-plus.com/www/" local="130434372000000000" remote="131001896400000000" Dst="-1" />
<file name="core.draw.js" server="38-plus.com/www/" local="130434372000000000" remote="131001896400000000" Dst="-1" />
<file name="core.filter.js" server="38-plus.com/www/" local="130434372000000000" remote="131001896400000000" Dst="-1" />
<file name="core.info.js" server="38-plus.com/www/" local="130434372000000000" remote="131001896400000000" Dst="-1" />
<file name="core.init.js" server="38-plus.com/www/" local="130434372000000000" remote="131001896400000000" Dst="-1" />
<file name="core.length.js" server="38-plus.com/www/" local="130434372000000000" remote="131001896400000000" Dst="-1" />
<file name="core.page.js" server="38-plus.com/www/" local="130434372000000000" remote="131001896400000000" Dst="-1" />
<file name="core.processing.js" server="38-plus.com/www/" local="130434372000000000" remote="131001896400000000" Dst="-1" />
<file name="core.scrolling.js" server="38-plus.com/www/" local="130434372000000000" remote="131001896400000000" Dst="-1" />
<file name="core.sizing.js" server="38-plus.com/www/" local="130434372000000000" remote="131001896400000000" Dst="-1" />
<file name="core.sort.js" server="38-plus.com/www/" local="130434372000000000" remote="131001896400000000" Dst="-1" />
<file name="core.state.js" server="38-plus.com/www/" local="130434372000000000" remote="131001896400000000" Dst="-1" />
<file name="core.support.js" server="38-plus.com/www/" local="130434372000000000" remote="131001896400000000" Dst="-1" />
<file name="core.columns.js" server="lapetala.com/www/" local="130434372000000000" remote="131323422000000000" Dst="0" />
<file name="core.ajax.js" server="lapetala.com/www/" local="130434372000000000" remote="131323422000000000" Dst="0" />
<file name="core.draw.js" server="lapetala.com/www/" local="130434372000000000" remote="131323422000000000" Dst="0" />
<file name="core.constructor.js" server="lapetala.com/www/" local="130434372000000000" remote="131323422000000000" Dst="0" />
<file name="core.data.js" server="lapetala.com/www/" local="130434372000000000" remote="131323422000000000" Dst="0" />
<file name="core.filter.js" server="lapetala.com/www/" local="130434372000000000" remote="131323422000000000" Dst="0" />
<file name="core.init.js" server="lapetala.com/www/" local="130434372000000000" remote="131323422000000000" Dst="0" />
<file name="core.info.js" server="lapetala.com/www/" local="130434372000000000" remote="131323422000000000" Dst="0" />
<file name="core.length.js" server="lapetala.com/www/" local="130434372000000000" remote="131323422000000000" Dst="0" />
<file name="core.page.js" server="lapetala.com/www/" local="130434372000000000" remote="131323422000000000" Dst="0" />
<file name="core.processing.js" server="lapetala.com/www/" local="130434372000000000" remote="131323422000000000" Dst="0" />
<file name="core.scrolling.js" server="lapetala.com/www/" local="130434372000000000" remote="131323422000000000" Dst="0" />
<file name="core.sizing.js" server="lapetala.com/www/" local="130434372000000000" remote="131323422000000000" Dst="0" />
<file name="core.sort.js" server="lapetala.com/www/" local="130434372000000000" remote="131323422000000000" Dst="0" />
<file name="core.state.js" server="lapetala.com/www/" local="130434372000000000" remote="131323422000000000" Dst="0" />
<file name="core.support.js" server="lapetala.com/www/" local="130434372000000000" remote="131323422000000000" Dst="0" />
<file name="core.ajax.js" server="haptracking.com/www/" local="130434372000000000" remote="131448856800000000" Dst="0" />
<file name="core.constructor.js" server="haptracking.com/www/" local="130434372000000000" remote="131448856800000000" Dst="0" />
<file name="core.columns.js" server="haptracking.com/www/" local="130434372000000000" remote="131448856800000000" Dst="0" />
<file name="core.filter.js" server="haptracking.com/www/" local="130434372000000000" remote="131448856800000000" Dst="0" />
<file name="core.data.js" server="haptracking.com/www/" local="130434372000000000" remote="131448856800000000" Dst="0" />
<file name="core.draw.js" server="haptracking.com/www/" local="130434372000000000" remote="131448856800000000" Dst="0" />
<file name="core.info.js" server="haptracking.com/www/" local="130434372000000000" remote="131448856800000000" Dst="0" />
<file name="core.length.js" server="haptracking.com/www/" local="130434372000000000" remote="131448856800000000" Dst="0" />
<file name="core.init.js" server="haptracking.com/www/" local="130434372000000000" remote="131448856800000000" Dst="0" />
<file name="core.page.js" server="haptracking.com/www/" local="130434372000000000" remote="131448856800000000" Dst="0" />
<file name="core.processing.js" server="haptracking.com/www/" local="130434372000000000" remote="131448856800000000" Dst="0" />
<file name="core.scrolling.js" server="haptracking.com/www/" local="130434372000000000" remote="131448856800000000" Dst="0" />
<file name="core.state.js" server="haptracking.com/www/" local="130434372000000000" remote="131448856800000000" Dst="0" />
<file name="core.sizing.js" server="haptracking.com/www/" local="130434372000000000" remote="131448856800000000" Dst="0" />
<file name="core.sort.js" server="haptracking.com/www/" local="130434372000000000" remote="131448856800000000" Dst="0" />
<file name="core.support.js" server="haptracking.com/www/" local="130434372000000000" remote="131448856800000000" Dst="0" />
</dwsync>