<?xml version="1.0" encoding="utf-8" ?>
<dwsync>
<file name="user-avatar.png" server="serviciosortopedia.com/www/" local="130604789180000000" remote="130763419800000000" Dst="-1" />
<file name="user1.png" server="serviciosortopedia.com/www/" local="130604789180000000" remote="130763419800000000" Dst="-1" />
<file name="user2.png" server="serviciosortopedia.com/www/" local="130604789180000000" remote="130763419800000000" Dst="-1" />
<file name="user3.png" server="serviciosortopedia.com/www/" local="130604789180000000" remote="130763419800000000" Dst="-1" />
<file name="user4.png" server="serviciosortopedia.com/www/" local="130604789180000000" remote="130763419800000000" Dst="-1" />
<file name="user5.png" server="serviciosortopedia.com/www/" local="130604789180000000" remote="130763419800000000" Dst="-1" />
<file name="userprofile.png" server="serviciosortopedia.com/www/" local="130434372000000000" remote="130763419800000000" Dst="-1" />
<file name="user-avatar.png" server="hapconsulting.net/www/" local="130604789180000000" remote="130904305200000000" Dst="-1" />
<file name="user1.png" server="hapconsulting.net/www/" local="130604789180000000" remote="130904305200000000" Dst="-1" />
<file name="user2.png" server="hapconsulting.net/www/" local="130604789180000000" remote="130904305200000000" Dst="-1" />
<file name="user3.png" server="hapconsulting.net/www/" local="130604789180000000" remote="130904305200000000" Dst="-1" />
<file name="user4.png" server="hapconsulting.net/www/" local="130604789180000000" remote="130904305200000000" Dst="-1" />
<file name="user5.png" server="hapconsulting.net/www/" local="130604789180000000" remote="130904305200000000" Dst="-1" />
<file name="userprofile.png" server="hapconsulting.net/www/" local="130434372000000000" remote="130904305200000000" Dst="-1" />
<file name="user-avatar.png" server="38-plus.com/www/" local="130604789180000000" remote="131001895800000000" Dst="-1" />
<file name="user1.png" server="38-plus.com/www/" local="130604789180000000" remote="131001895800000000" Dst="-1" />
<file name="user2.png" server="38-plus.com/www/" local="130604789180000000" remote="131001895800000000" Dst="-1" />
<file name="user3.png" server="38-plus.com/www/" local="130604789180000000" remote="131001895800000000" Dst="-1" />
<file name="user4.png" server="38-plus.com/www/" local="130604789180000000" remote="131001895800000000" Dst="-1" />
<file name="user5.png" server="38-plus.com/www/" local="130604789180000000" remote="131001895800000000" Dst="-1" />
<file name="userprofile.png" server="38-plus.com/www/" local="130434372000000000" remote="131001895800000000" Dst="-1" />
<file name="user-avatar.png" server="lapetala.com/www/" local="130604789180000000" remote="131323422000000000" Dst="0" />
<file name="user1.png" server="lapetala.com/www/" local="130604789180000000" remote="131323422000000000" Dst="0" />
<file name="user2.png" server="lapetala.com/www/" local="130604789180000000" remote="131323422000000000" Dst="0" />
<file name="user3.png" server="lapetala.com/www/" local="130604789180000000" remote="131323422000000000" Dst="0" />
<file name="user4.png" server="lapetala.com/www/" local="130604789180000000" remote="131323422000000000" Dst="0" />
<file name="user5.png" server="lapetala.com/www/" local="130604789180000000" remote="131323422000000000" Dst="0" />
<file name="userprofile.png" server="lapetala.com/www/" local="130434372000000000" remote="131323422000000000" Dst="0" />
<file name="user-avatar.png" server="haptracking.com/www/" local="130604789180000000" remote="131448856200000000" Dst="0" />
<file name="user1.png" server="haptracking.com/www/" local="130604789180000000" remote="131448856200000000" Dst="0" />
<file name="user2.png" server="haptracking.com/www/" local="130604789180000000" remote="131448856200000000" Dst="0" />
<file name="user3.png" server="haptracking.com/www/" local="130604789180000000" remote="131448856200000000" Dst="0" />
<file name="user4.png" server="haptracking.com/www/" local="130604789180000000" remote="131448856200000000" Dst="0" />
<file name="user5.png" server="haptracking.com/www/" local="130604789180000000" remote="131448856200000000" Dst="0" />
<file name="userprofile.png" server="haptracking.com/www/" local="130434372000000000" remote="131448856200000000" Dst="0" />
</dwsync>