<?xml version="1.0" encoding="utf-8" ?>
<dwsync>
<file name="DT_bootstrap.css" server="serviciosortopedia.com/www/" local="130434372000000000" remote="130763430000000000" Dst="-1" />
<file name="DT_bootstrap.js" server="serviciosortopedia.com/www/" local="130762062428371362" remote="130763430000000000" Dst="-1" />
<file name="jquery.dataTables.js" server="serviciosortopedia.com/www/" local="130434372000000000" remote="130763430600000000" Dst="-1" />
<file name="DT_bootstrap.css" server="hapconsulting.net/www/" local="130434372000000000" remote="130904310000000000" Dst="-1" />
<file name="DT_bootstrap.js" server="hapconsulting.net/www/" local="130762062428371362" remote="130904310000000000" Dst="-1" />
<file name="jquery.dataTables.js" server="hapconsulting.net/www/" local="130434372000000000" remote="130904310600000000" Dst="-1" />
<file name="DT_bootstrap.css" server="38-plus.com/www/" local="130434372000000000" remote="131001900000000000" Dst="-1" />
<file name="DT_bootstrap.js" server="38-plus.com/www/" local="130762062428371362" remote="131001900000000000" Dst="-1" />
<file name="jquery.dataTables.js" server="38-plus.com/www/" local="130434372000000000" remote="131001900000000000" Dst="-1" />
<file name="DT_bootstrap.css" server="lapetala.com/www/" local="130434372000000000" remote="131323423800000000" Dst="0" />
<file name="DT_bootstrap.js" server="lapetala.com/www/" local="130762062428371362" remote="131323423800000000" Dst="0" />
<file name="jquery.dataTables.js" server="lapetala.com/www/" local="130434372000000000" remote="131323423800000000" Dst="0" />
<file name="DT_bootstrap.css" server="haptracking.com/www/" local="130434372000000000" remote="131448858600000000" Dst="0" />
<file name="DT_bootstrap.js" server="haptracking.com/www/" local="130762062428371362" remote="131448858600000000" Dst="0" />
<file name="jquery.dataTables.js" server="haptracking.com/www/" local="130434372000000000" remote="131448858600000000" Dst="0" />
</dwsync>