<?xml version="1.0" encoding="utf-8" ?>
<dwsync>
<file name="bordered-pulled.less" server="serviciosortopedia.com/www/" local="130434372000000000" remote="130763418600000000" Dst="-1" />
<file name="core.less" server="serviciosortopedia.com/www/" local="130434372000000000" remote="130763418600000000" Dst="-1" />
<file name="fixed-width.less" server="serviciosortopedia.com/www/" local="130434372000000000" remote="130763418600000000" Dst="-1" />
<file name="font-awesome.css" server="serviciosortopedia.com/www/" local="130434372000000000" remote="130763418600000000" Dst="-1" />
<file name="font-awesome.less" server="serviciosortopedia.com/www/" local="130434372000000000" remote="130763418600000000" Dst="-1" />
<file name="icons.less" server="serviciosortopedia.com/www/" local="130434372000000000" remote="130763418600000000" Dst="-1" />
<file name="larger.less" server="serviciosortopedia.com/www/" local="130434372000000000" remote="130763418600000000" Dst="-1" />
<file name="list.less" server="serviciosortopedia.com/www/" local="130434372000000000" remote="130763418600000000" Dst="-1" />
<file name="mixins.css" server="serviciosortopedia.com/www/" local="130434372000000000" remote="130749039000000000" Dst="-1" />
<file name="mixins.less" server="serviciosortopedia.com/www/" local="130434372000000000" remote="130763418600000000" Dst="-1" />
<file name="path.less" server="serviciosortopedia.com/www/" local="130434372000000000" remote="130763418600000000" Dst="-1" />
<file name="rotated-flipped.less" server="serviciosortopedia.com/www/" local="130434372000000000" remote="130763418600000000" Dst="-1" />
<file name="spinning.less" server="serviciosortopedia.com/www/" local="130434372000000000" remote="130763418600000000" Dst="-1" />
<file name="stacked.less" server="serviciosortopedia.com/www/" local="130434372000000000" remote="130763418600000000" Dst="-1" />
<file name="variables.css" server="serviciosortopedia.com/www/" local="130434372000000000" remote="130749039000000000" Dst="-1" />
<file name="variables.less" server="serviciosortopedia.com/www/" local="130434372000000000" remote="130763418600000000" Dst="-1" />
<file name="bordered-pulled.less" server="hapconsulting.net/www/" local="130434372000000000" remote="130904304600000000" Dst="-1" />
<file name="core.less" server="hapconsulting.net/www/" local="130434372000000000" remote="130904304600000000" Dst="-1" />
<file name="fixed-width.less" server="hapconsulting.net/www/" local="130434372000000000" remote="130904304600000000" Dst="-1" />
<file name="font-awesome.css" server="hapconsulting.net/www/" local="130434372000000000" remote="130904304600000000" Dst="-1" />
<file name="font-awesome.less" server="hapconsulting.net/www/" local="130434372000000000" remote="130904304600000000" Dst="-1" />
<file name="icons.less" server="hapconsulting.net/www/" local="130434372000000000" remote="130904304600000000" Dst="-1" />
<file name="larger.less" server="hapconsulting.net/www/" local="130434372000000000" remote="130904304600000000" Dst="-1" />
<file name="list.less" server="hapconsulting.net/www/" local="130434372000000000" remote="130904304600000000" Dst="-1" />
<file name="mixins.css" server="hapconsulting.net/www/" local="130434372000000000" remote="130904304600000000" Dst="-1" />
<file name="mixins.less" server="hapconsulting.net/www/" local="130434372000000000" remote="130904304600000000" Dst="-1" />
<file name="path.less" server="hapconsulting.net/www/" local="130434372000000000" remote="130904304600000000" Dst="-1" />
<file name="rotated-flipped.less" server="hapconsulting.net/www/" local="130434372000000000" remote="130904304600000000" Dst="-1" />
<file name="spinning.less" server="hapconsulting.net/www/" local="130434372000000000" remote="130904304600000000" Dst="-1" />
<file name="stacked.less" server="hapconsulting.net/www/" local="130434372000000000" remote="130904304600000000" Dst="-1" />
<file name="variables.css" server="hapconsulting.net/www/" local="130434372000000000" remote="130904304600000000" Dst="-1" />
<file name="variables.less" server="hapconsulting.net/www/" local="130434372000000000" remote="130904304600000000" Dst="-1" />
<file name="bordered-pulled.less" server="38-plus.com/www/" local="130434372000000000" remote="131001895200000000" Dst="-1" />
<file name="core.less" server="38-plus.com/www/" local="130434372000000000" remote="131001895200000000" Dst="-1" />
<file name="fixed-width.less" server="38-plus.com/www/" local="130434372000000000" remote="131001895200000000" Dst="-1" />
<file name="font-awesome.css" server="38-plus.com/www/" local="130434372000000000" remote="131001895200000000" Dst="-1" />
<file name="font-awesome.less" server="38-plus.com/www/" local="130434372000000000" remote="131001895200000000" Dst="-1" />
<file name="icons.less" server="38-plus.com/www/" local="130434372000000000" remote="131001895200000000" Dst="-1" />
<file name="larger.less" server="38-plus.com/www/" local="130434372000000000" remote="131001895200000000" Dst="-1" />
<file name="list.less" server="38-plus.com/www/" local="130434372000000000" remote="131001895200000000" Dst="-1" />
<file name="mixins.css" server="38-plus.com/www/" local="130434372000000000" remote="131001895200000000" Dst="-1" />
<file name="mixins.less" server="38-plus.com/www/" local="130434372000000000" remote="131001895200000000" Dst="-1" />
<file name="path.less" server="38-plus.com/www/" local="130434372000000000" remote="131001895200000000" Dst="-1" />
<file name="rotated-flipped.less" server="38-plus.com/www/" local="130434372000000000" remote="131001895200000000" Dst="-1" />
<file name="spinning.less" server="38-plus.com/www/" local="130434372000000000" remote="131001895200000000" Dst="-1" />
<file name="stacked.less" server="38-plus.com/www/" local="130434372000000000" remote="131001895200000000" Dst="-1" />
<file name="variables.css" server="38-plus.com/www/" local="130434372000000000" remote="131001895200000000" Dst="-1" />
<file name="variables.less" server="38-plus.com/www/" local="130434372000000000" remote="131001895200000000" Dst="-1" />
<file name="bordered-pulled.less" server="lapetala.com/www/" local="130434372000000000" remote="131323421400000000" Dst="0" />
<file name="core.less" server="lapetala.com/www/" local="130434372000000000" remote="131323421400000000" Dst="0" />
<file name="fixed-width.less" server="lapetala.com/www/" local="130434372000000000" remote="131323421400000000" Dst="0" />
<file name="font-awesome.less" server="lapetala.com/www/" local="130434372000000000" remote="131323421400000000" Dst="0" />
<file name="icons.less" server="lapetala.com/www/" local="130434372000000000" remote="131323421400000000" Dst="0" />
<file name="font-awesome.css" server="lapetala.com/www/" local="130434372000000000" remote="131323421400000000" Dst="0" />
<file name="larger.less" server="lapetala.com/www/" local="130434372000000000" remote="131323421400000000" Dst="0" />
<file name="list.less" server="lapetala.com/www/" local="130434372000000000" remote="131323421400000000" Dst="0" />
<file name="mixins.css" server="lapetala.com/www/" local="130434372000000000" remote="131323421400000000" Dst="0" />
<file name="mixins.less" server="lapetala.com/www/" local="130434372000000000" remote="131323421400000000" Dst="0" />
<file name="path.less" server="lapetala.com/www/" local="130434372000000000" remote="131323421400000000" Dst="0" />
<file name="rotated-flipped.less" server="lapetala.com/www/" local="130434372000000000" remote="131323421400000000" Dst="0" />
<file name="spinning.less" server="lapetala.com/www/" local="130434372000000000" remote="131323421400000000" Dst="0" />
<file name="stacked.less" server="lapetala.com/www/" local="130434372000000000" remote="131323421400000000" Dst="0" />
<file name="variables.less" server="lapetala.com/www/" local="130434372000000000" remote="131323421400000000" Dst="0" />
<file name="variables.css" server="lapetala.com/www/" local="130434372000000000" remote="131323421400000000" Dst="0" />
<file name="bordered-pulled.less" server="haptracking.com/www/" local="130434372000000000" remote="131448856200000000" Dst="0" />
<file name="fixed-width.less" server="haptracking.com/www/" local="130434372000000000" remote="131448856200000000" Dst="0" />
<file name="core.less" server="haptracking.com/www/" local="130434372000000000" remote="131448856200000000" Dst="0" />
<file name="font-awesome.less" server="haptracking.com/www/" local="130434372000000000" remote="131448856200000000" Dst="0" />
<file name="icons.less" server="haptracking.com/www/" local="130434372000000000" remote="131448856200000000" Dst="0" />
<file name="font-awesome.css" server="haptracking.com/www/" local="130434372000000000" remote="131448856200000000" Dst="0" />
<file name="larger.less" server="haptracking.com/www/" local="130434372000000000" remote="131448856200000000" Dst="0" />
<file name="mixins.css" server="haptracking.com/www/" local="130434372000000000" remote="131448856200000000" Dst="0" />
<file name="list.less" server="haptracking.com/www/" local="130434372000000000" remote="131448856200000000" Dst="0" />
<file name="mixins.less" server="haptracking.com/www/" local="130434372000000000" remote="131448856200000000" Dst="0" />
<file name="path.less" server="haptracking.com/www/" local="130434372000000000" remote="131448856200000000" Dst="0" />
<file name="rotated-flipped.less" server="haptracking.com/www/" local="130434372000000000" remote="131448856200000000" Dst="0" />
<file name="spinning.less" server="haptracking.com/www/" local="130434372000000000" remote="131448856200000000" Dst="0" />
<file name="stacked.less" server="haptracking.com/www/" local="130434372000000000" remote="131448856200000000" Dst="0" />
<file name="variables.css" server="haptracking.com/www/" local="130434372000000000" remote="131448856200000000" Dst="0" />
<file name="variables.less" server="haptracking.com/www/" local="130434372000000000" remote="131448856200000000" Dst="0" />
</dwsync>