<?xml version="1.0" encoding="utf-8" ?>
<dwsync>
<file name="basic.styl" server="serviciosortopedia.com/www/" local="130434372000000000" remote="130763430600000000" Dst="-1" />
<file name="dropzone.styl" server="serviciosortopedia.com/www/" local="130434372000000000" remote="130763430600000000" Dst="-1" />
<file name="basic.styl" server="hapconsulting.net/www/" local="130434372000000000" remote="130904310600000000" Dst="-1" />
<file name="dropzone.styl" server="hapconsulting.net/www/" local="130434372000000000" remote="130904310600000000" Dst="-1" />
<file name="basic.styl" server="38-plus.com/www/" local="130434372000000000" remote="131001900600000000" Dst="-1" />
<file name="dropzone.styl" server="38-plus.com/www/" local="130434372000000000" remote="131001900600000000" Dst="-1" />
<file name="basic.styl" server="lapetala.com/www/" local="130434372000000000" remote="131323424400000000" Dst="0" />
<file name="dropzone.styl" server="lapetala.com/www/" local="130434372000000000" remote="131323424400000000" Dst="0" />
<file name="basic.styl" server="haptracking.com/www/" local="130434372000000000" remote="131448858600000000" Dst="0" />
<file name="dropzone.styl" server="haptracking.com/www/" local="130434372000000000" remote="131448858600000000" Dst="0" />
</dwsync>