<?xml version="1.0" encoding="utf-8" ?>
<dwsync>
<file name="clave.php" server="serviciosortopedia.com/www/" local="130763448880946285" remote="130763448600000000" Dst="-1" />
<file name="dbclass.php" server="serviciosortopedia.com/www/" local="130045140000000000" remote="130763418000000000" Dst="-1" />
<file name="index.php" server="serviciosortopedia.com/www/" local="130749118586642441" remote="130763420400000000" Dst="-1" />
<file name="eval_entrada.php" server="serviciosortopedia.com/www/" local="130764003342793544" remote="130764003000000000" Dst="-1" />
<file name="nav.php" server="serviciosortopedia.com/www/" local="130777447341461577" remote="130777447200000000" Dst="-1" />
<file name="inicio.php" server="serviciosortopedia.com/www/" local="130758472063706959" remote="130763420400000000" Dst="-1" />
<file name="menusup.php" server="serviciosortopedia.com/www/" local="130758465446773406" remote="130763437800000000" Dst="-1" />
<file name="validasession.php" server="serviciosortopedia.com/www/" local="130763400240030155" remote="130763437800000000" Dst="-1" />
<file name="ingprod.php" server="serviciosortopedia.com/www/" local="130771239478427069" remote="130771239000000000" Dst="-1" />
<file name="guardaproducto.php" server="serviciosortopedia.com/www/" local="130777549332202950" remote="130777549200000000" Dst="-1" />
<file name="productosresp.php" server="serviciosortopedia.com/www/" local="130762055419296200" remote="130763437800000000" Dst="-1" />
<file name="edprod.php" server="serviciosortopedia.com/www/" local="130771240675795466" remote="130771240200000000" Dst="-1" />
<file name="actproducto.php" server="serviciosortopedia.com/www/" local="130777538029334604" remote="130777537800000000" Dst="-1" />
<file name="salir.php" server="serviciosortopedia.com/www/" local="130763993638806960" remote="130763993400000000" Dst="-1" />
<file name="actproducto.php" server="hapconsulting.net/www/" local="130777538029334604" remote="130904304000000000" Dst="-1" />
<file name="clave.php" server="hapconsulting.net/www/" local="130904323308370436" remote="130904323200000000" Dst="-1" />
<file name="dbclass.php" server="hapconsulting.net/www/" local="130045140000000000" remote="130904304000000000" Dst="-1" />
<file name="edprod.php" server="hapconsulting.net/www/" local="130771240675795466" remote="130904304000000000" Dst="-1" />
<file name="eval_entrada.php" server="hapconsulting.net/www/" local="130764003342793544" remote="130904304000000000" Dst="-1" />
<file name="guardaproducto.php" server="hapconsulting.net/www/" local="130904383994514201" remote="130904383800000000" Dst="-1" />
<file name="index.php" server="hapconsulting.net/www/" local="130749118586642441" remote="130904305200000000" Dst="-1" />
<file name="ingprod.php" server="hapconsulting.net/www/" local="130904379341640115" remote="130904379000000000" Dst="-1" />
<file name="inicio.php" server="hapconsulting.net/www/" local="130904320150420310" remote="130904319600000000" Dst="-1" />
<file name="menusup.php" server="hapconsulting.net/www/" local="130758465446773406" remote="130904314200000000" Dst="-1" />
<file name="nav.php" server="hapconsulting.net/www/" local="130777447341461577" remote="130904314200000000" Dst="-1" />
<file name="productosresp.php" server="hapconsulting.net/www/" local="130762055419296200" remote="130904314200000000" Dst="-1" />
<file name="salir.php" server="hapconsulting.net/www/" local="130763993638806960" remote="130904314200000000" Dst="-1" />
<file name="validasession.php" server="hapconsulting.net/www/" local="130904319143316470" remote="130904319000000000" Dst="-1" />
<file name="footer.php" server="hapconsulting.net/www/" local="130718592600000000" remote="130904319000000000" Dst="-1" />
<file name="actproducto.php" server="38-plus.com/www/" local="131128118154385918" remote="131128117800000000" Dst="0" />
<file name="clave.php" server="38-plus.com/www/" local="131140444899269295" remote="131140444800000000" Dst="0" />
<file name="dbclass.php" server="38-plus.com/www/" local="130045140000000000" remote="131001894600000000" Dst="-1" />
<file name="edprod.php" server="38-plus.com/www/" local="131128117456477371" remote="131128117200000000" Dst="0" />
<file name="eval_entrada.php" server="38-plus.com/www/" local="130764003342793544" remote="131001895200000000" Dst="-1" />
<file name="footer.php" server="38-plus.com/www/" local="130718592600000000" remote="131001895200000000" Dst="-1" />
<file name="guardaproducto.php" server="38-plus.com/www/" local="131006259810445908" remote="131006223600000000" Dst="-1" />
<file name="index.php" server="38-plus.com/www/" local="130749118586642441" remote="131001895800000000" Dst="-1" />
<file name="ingprod.php" server="38-plus.com/www/" local="131093575033794504" remote="131093574600000000" Dst="0" />
<file name="inicio.php" server="38-plus.com/www/" local="130904320150420310" remote="131001895800000000" Dst="-1" />
<file name="menusup.php" server="38-plus.com/www/" local="130758465446773406" remote="131001903000000000" Dst="-1" />
<file name="nav.php" server="38-plus.com/www/" local="130777447341461577" remote="131001903000000000" Dst="-1" />
<file name="productosresp.php" server="38-plus.com/www/" local="130762055419296200" remote="131001903000000000" Dst="-1" />
<file name="salir.php" server="38-plus.com/www/" local="130763993638806960" remote="131001903000000000" Dst="-1" />
<file name="validasession.php" server="38-plus.com/www/" local="130904319143316470" remote="131001903000000000" Dst="-1" />
<file name="actproducto.php" server="lapetala.com/www/" local="131445294659159442" remote="131445294600000000" Dst="0" />
<file name="clave.php" server="lapetala.com/www/" local="131324455894476809" remote="131324455800000000" Dst="0" />
<file name="dbclass.php" server="lapetala.com/www/" local="130045140000000000" remote="131323421400000000" Dst="0" />
<file name="edprod.php" server="lapetala.com/www/" local="131445297181489600" remote="131445297000000000" Dst="0" />
<file name="eval_entrada.php" server="lapetala.com/www/" local="130764003342793544" remote="131323421400000000" Dst="0" />
<file name="guardaproducto.php" server="lapetala.com/www/" local="131364137607149605" remote="131364137400000000" Dst="0" />
<file name="footer.php" server="lapetala.com/www/" local="130718592600000000" remote="131323421400000000" Dst="0" />
<file name="index.php" server="lapetala.com/www/" local="130749118586642441" remote="131323422000000000" Dst="0" />
<file name="ingprod.php" server="lapetala.com/www/" local="131382995245776409" remote="131382994800000000" Dst="0" />
<file name="inicio.php" server="lapetala.com/www/" local="131324448873943567" remote="131324448600000000" Dst="0" />
<file name="menusup.php" server="lapetala.com/www/" local="131445241086166368" remote="131445240600000000" Dst="0" />
<file name="nav.php" server="lapetala.com/www/" local="131445365834761546" remote="131445365400000000" Dst="0" />
<file name="productosresp.php" server="lapetala.com/www/" local="131445280466604203" remote="131445280200000000" Dst="0" />
<file name="salir.php" server="lapetala.com/www/" local="131324485845055546" remote="131324485800000000" Dst="0" />
<file name="validasession.php" server="lapetala.com/www/" local="131324471129073305" remote="131324470800000000" Dst="0" />
<file name="subcategorias.php" server="lapetala.com/www/" local="131445288326354908" remote="131445288000000000" Dst="0" />
<file name="jquery.min.js" server="lapetala.com/www/" local="131293244476785529" remote="131359054200000000" Dst="0" />
<file name="int_cat.php" server="lapetala.com/www/" local="131364210184214857" remote="131364210000000000" Dst="0" />
<file name="nuevacat.php" server="lapetala.com/www/" local="131364215899695711" remote="131364215400000000" Dst="0" />
<file name="guardar_cat.php" server="lapetala.com/www/" local="131382359098157279" remote="131382358800000000" Dst="0" />
<file name="editarcat.php" server="lapetala.com/www/" local="131376199222303086" remote="131376199200000000" Dst="0" />
<file name="actualizar_cat.php" server="lapetala.com/www/" local="131370032538765322" remote="131370032400000000" Dst="0" />
<file name="int_subcat.php" server="lapetala.com/www/" local="131370074651369332" remote="131370074400000000" Dst="0" />
<file name="nuevasubcat.php" server="lapetala.com/www/" local="131370061344522376" remote="131370061200000000" Dst="0" />
<file name="guardar_subcat.php" server="lapetala.com/www/" local="131370068739479665" remote="131370068400000000" Dst="0" />
<file name="actualizar_subcat.php" server="lapetala.com/www/" local="131370137928640804" remote="131370137400000000" Dst="0" />
<file name="actproducto.php" server="haptracking.com/www/" local="131445294659159442" remote="131448856200000000" Dst="0" />
<file name="clave.php" server="haptracking.com/www/" local="131461196072260750" remote="131461195800000000" Dst="0" />
<file name="actualizar_cat.php" server="haptracking.com/www/" local="131370032538765322" remote="131448856200000000" Dst="0" />
<file name="actualizar_subcat.php" server="haptracking.com/www/" local="131370137928640804" remote="131448856200000000" Dst="0" />
<file name="dbclass.php" server="haptracking.com/www/" local="130045140000000000" remote="131448856200000000" Dst="0" />
<file name="editarcat.php" server="haptracking.com/www/" local="131376199222303086" remote="131448856200000000" Dst="0" />
<file name="edprod.php" server="haptracking.com/www/" local="131445297181489600" remote="131448856200000000" Dst="0" />
<file name="eval_entrada.php" server="haptracking.com/www/" local="130764003342793544" remote="131448856200000000" Dst="0" />
<file name="guardar_cat.php" server="haptracking.com/www/" local="131382359098157279" remote="131448856200000000" Dst="0" />
<file name="footer.php" server="haptracking.com/www/" local="130718592600000000" remote="131448856200000000" Dst="0" />
<file name="guardaproducto.php" server="haptracking.com/www/" local="131364137607149605" remote="131448856200000000" Dst="0" />
<file name="guardar_subcat.php" server="haptracking.com/www/" local="131370068739479665" remote="131448856200000000" Dst="0" />
<file name="index.php" server="haptracking.com/www/" local="130749118586642441" remote="131448856200000000" Dst="0" />
<file name="int_cat.php" server="haptracking.com/www/" local="131364210184214857" remote="131448856200000000" Dst="0" />
<file name="ingprod.php" server="haptracking.com/www/" local="131382995245776409" remote="131448856200000000" Dst="0" />
<file name="inicio.php" server="haptracking.com/www/" local="131324448873943567" remote="131448856200000000" Dst="0" />
<file name="int_subcat.php" server="haptracking.com/www/" local="131370074651369332" remote="131448856200000000" Dst="0" />
<file name="jquery.min.js" server="haptracking.com/www/" local="131293244476785529" remote="131448856200000000" Dst="0" />
<file name="nav.php" server="haptracking.com/www/" local="131461224922623659" remote="131461224600000000" Dst="0" />
<file name="nuevacat.php" server="haptracking.com/www/" local="131364215899695711" remote="131448859800000000" Dst="0" />
<file name="menusup.php" server="haptracking.com/www/" local="131445241086166368" remote="131448859800000000" Dst="0" />
<file name="salir.php" server="haptracking.com/www/" local="131449474279175724" remote="131449474200000000" Dst="0" />
<file name="nuevasubcat.php" server="haptracking.com/www/" local="131370061344522376" remote="131448859800000000" Dst="0" />
<file name="productosresp.php" server="haptracking.com/www/" local="131461228744497581" remote="131461228200000000" Dst="0" />
<file name="subcategorias.php" server="haptracking.com/www/" local="131445288326354908" remote="131448859800000000" Dst="0" />
<file name="validasession.php" server="haptracking.com/www/" local="131449474808749659" remote="131449474800000000" Dst="0" />
<file name="dropzone.php" server="haptracking.com/www/" local="131459113555923421" remote="131459113200000000" Dst="0" />
<file name="clientes.php" server="haptracking.com/www/" local="131461749011998062" remote="131461749000000000" Dst="0" />
<file name="nuevocliente.php" server="haptracking.com/www/" local="131460131208931661" remote="131460130800000000" Dst="0" />
<file name="guardar_cliente.php" server="haptracking.com/www/" local="131460130202006112" remote="131460130200000000" Dst="0" />
<file name="editarcliente.php" server="haptracking.com/www/" local="131460159070011339" remote="131460159000000000" Dst="0" />
<file name="int_act_clientes.php" server="haptracking.com/www/" local="131460160684733120" remote="131460160200000000" Dst="0" />
<file name="navega.php" server="haptracking.com/www/" local="131461221757567804" remote="131461221600000000" Dst="0" />
<file name="testpadre.php" server="haptracking.com/www/" local="131461161801773484" remote="131461161600000000" Dst="0" />
<file name="funciones.php" server="haptracking.com/www/" local="131461746039590985" remote="131461746000000000" Dst="0" />
<file name="subirdoc.php" server="haptracking.com/www/" local="131461215576647859" remote="131461215000000000" Dst="0" />
<file name="crearcarpeta.php" server="haptracking.com/www/" local="131461750076208480" remote="131461749600000000" Dst="0" />
<file name="buscprod.php" server="haptracking.com/www/" local="131461226341884343" remote="131461225800000000" Dst="0" />
<file name="navegam.php" server="haptracking.com/www/" local="131461750499450830" remote="131461750200000000" Dst="0" />
<file name="subirdocm.php" server="haptracking.com/www/" local="131461749427587179" remote="131461749000000000" Dst="0" />
<file name="error_log" server="haptracking.com/www/" local="131484332689013012" remote="131461146600000000" Dst="0" />
</dwsync>