<?xml version="1.0" encoding="utf-8" ?>
<dwsync>
<file name="sort_asc.png" server="serviciosortopedia.com/www/" local="130434372000000000" remote="130763430600000000" Dst="-1" />
<file name="sort_both.png" server="serviciosortopedia.com/www/" local="130434372000000000" remote="130763430600000000" Dst="-1" />
<file name="sort_desc.png" server="serviciosortopedia.com/www/" local="130434372000000000" remote="130763430600000000" Dst="-1" />
<file name="sort_asc.png" server="hapconsulting.net/www/" local="130434372000000000" remote="130904310600000000" Dst="-1" />
<file name="sort_both.png" server="hapconsulting.net/www/" local="130434372000000000" remote="130904310600000000" Dst="-1" />
<file name="sort_desc.png" server="hapconsulting.net/www/" local="130434372000000000" remote="130904310600000000" Dst="-1" />
<file name="sort_asc.png" server="38-plus.com/www/" local="130434372000000000" remote="131001900000000000" Dst="-1" />
<file name="sort_both.png" server="38-plus.com/www/" local="130434372000000000" remote="131001900000000000" Dst="-1" />
<file name="sort_desc.png" server="38-plus.com/www/" local="130434372000000000" remote="131001900000000000" Dst="-1" />
<file name="sort_asc.png" server="lapetala.com/www/" local="130434372000000000" remote="131323423800000000" Dst="0" />
<file name="sort_both.png" server="lapetala.com/www/" local="130434372000000000" remote="131323423800000000" Dst="0" />
<file name="sort_desc.png" server="lapetala.com/www/" local="130434372000000000" remote="131323423800000000" Dst="0" />
<file name="sort_asc.png" server="haptracking.com/www/" local="130434372000000000" remote="131448858600000000" Dst="0" />
<file name="sort_desc.png" server="haptracking.com/www/" local="130434372000000000" remote="131448858600000000" Dst="0" />
<file name="sort_both.png" server="haptracking.com/www/" local="130434372000000000" remote="131448858600000000" Dst="0" />
</dwsync>