<?xml version="1.0" encoding="utf-8" ?>
<dwsync>
<file name="blog-avatar-2.jpg" server="serviciosortopedia.com/www/" local="130434372000000000" remote="130763419200000000" Dst="-1" />
<file name="blog-avatar.jpg" server="serviciosortopedia.com/www/" local="130434372000000000" remote="130763419200000000" Dst="-1" />
<file name="blog-sm-img.jpg" server="serviciosortopedia.com/www/" local="130434372000000000" remote="130763419200000000" Dst="-1" />
<file name="blog-thumb-1.jpg" server="serviciosortopedia.com/www/" local="130434372000000000" remote="130763419200000000" Dst="-1" />
<file name="blog-thumb-2.jpg" server="serviciosortopedia.com/www/" local="130434372000000000" remote="130763419200000000" Dst="-1" />
<file name="blog-thumb-3.jpg" server="serviciosortopedia.com/www/" local="130434372000000000" remote="130763419200000000" Dst="-1" />
<file name="blog-wide-img.jpg" server="serviciosortopedia.com/www/" local="130434372000000000" remote="130763419200000000" Dst="-1" />
<file name="image2.jpg" server="serviciosortopedia.com/www/" local="130434372000000000" remote="130763419200000000" Dst="-1" />
<file name="image3.jpg" server="serviciosortopedia.com/www/" local="130434372000000000" remote="130763419200000000" Dst="-1" />
<file name="blog-avatar-2.jpg" server="hapconsulting.net/www/" local="130434372000000000" remote="130904304600000000" Dst="-1" />
<file name="blog-avatar.jpg" server="hapconsulting.net/www/" local="130434372000000000" remote="130904304600000000" Dst="-1" />
<file name="blog-sm-img.jpg" server="hapconsulting.net/www/" local="130434372000000000" remote="130904304600000000" Dst="-1" />
<file name="blog-thumb-1.jpg" server="hapconsulting.net/www/" local="130434372000000000" remote="130904304600000000" Dst="-1" />
<file name="blog-thumb-2.jpg" server="hapconsulting.net/www/" local="130434372000000000" remote="130904304600000000" Dst="-1" />
<file name="blog-thumb-3.jpg" server="hapconsulting.net/www/" local="130434372000000000" remote="130904304600000000" Dst="-1" />
<file name="blog-wide-img.jpg" server="hapconsulting.net/www/" local="130434372000000000" remote="130904304600000000" Dst="-1" />
<file name="image2.jpg" server="hapconsulting.net/www/" local="130434372000000000" remote="130904304600000000" Dst="-1" />
<file name="image3.jpg" server="hapconsulting.net/www/" local="130434372000000000" remote="130904304600000000" Dst="-1" />
<file name="blog-avatar-2.jpg" server="38-plus.com/www/" local="130434372000000000" remote="131001895200000000" Dst="-1" />
<file name="blog-avatar.jpg" server="38-plus.com/www/" local="130434372000000000" remote="131001895200000000" Dst="-1" />
<file name="blog-sm-img.jpg" server="38-plus.com/www/" local="130434372000000000" remote="131001895200000000" Dst="-1" />
<file name="blog-thumb-1.jpg" server="38-plus.com/www/" local="130434372000000000" remote="131001895200000000" Dst="-1" />
<file name="blog-thumb-2.jpg" server="38-plus.com/www/" local="130434372000000000" remote="131001895200000000" Dst="-1" />
<file name="blog-thumb-3.jpg" server="38-plus.com/www/" local="130434372000000000" remote="131001895200000000" Dst="-1" />
<file name="blog-wide-img.jpg" server="38-plus.com/www/" local="130434372000000000" remote="131001895200000000" Dst="-1" />
<file name="image2.jpg" server="38-plus.com/www/" local="130434372000000000" remote="131001895200000000" Dst="-1" />
<file name="image3.jpg" server="38-plus.com/www/" local="130434372000000000" remote="131001895200000000" Dst="-1" />
<file name="blog-avatar-2.jpg" server="lapetala.com/www/" local="130434372000000000" remote="131323422000000000" Dst="0" />
<file name="blog-avatar.jpg" server="lapetala.com/www/" local="130434372000000000" remote="131323422000000000" Dst="0" />
<file name="blog-sm-img.jpg" server="lapetala.com/www/" local="130434372000000000" remote="131323422000000000" Dst="0" />
<file name="blog-thumb-1.jpg" server="lapetala.com/www/" local="130434372000000000" remote="131323422000000000" Dst="0" />
<file name="blog-thumb-2.jpg" server="lapetala.com/www/" local="130434372000000000" remote="131323422000000000" Dst="0" />
<file name="blog-thumb-3.jpg" server="lapetala.com/www/" local="130434372000000000" remote="131323422000000000" Dst="0" />
<file name="image3.jpg" server="lapetala.com/www/" local="130434372000000000" remote="131323422000000000" Dst="0" />
<file name="image2.jpg" server="lapetala.com/www/" local="130434372000000000" remote="131323422000000000" Dst="0" />
<file name="blog-wide-img.jpg" server="lapetala.com/www/" local="130434372000000000" remote="131323422000000000" Dst="0" />
<file name="blog-sm-img.jpg" server="haptracking.com/www/" local="130434372000000000" remote="131448856200000000" Dst="0" />
<file name="blog-avatar-2.jpg" server="haptracking.com/www/" local="130434372000000000" remote="131448856200000000" Dst="0" />
<file name="blog-avatar.jpg" server="haptracking.com/www/" local="130434372000000000" remote="131448856200000000" Dst="0" />
<file name="blog-thumb-1.jpg" server="haptracking.com/www/" local="130434372000000000" remote="131448856200000000" Dst="0" />
<file name="blog-thumb-2.jpg" server="haptracking.com/www/" local="130434372000000000" remote="131448856200000000" Dst="0" />
<file name="blog-thumb-3.jpg" server="haptracking.com/www/" local="130434372000000000" remote="131448856200000000" Dst="0" />
<file name="image3.jpg" server="haptracking.com/www/" local="130434372000000000" remote="131448856200000000" Dst="0" />
<file name="image2.jpg" server="haptracking.com/www/" local="130434372000000000" remote="131448856200000000" Dst="0" />
<file name="blog-wide-img.jpg" server="haptracking.com/www/" local="130434372000000000" remote="131448856200000000" Dst="0" />
</dwsync>