<?xml version="1.0" encoding="utf-8" ?>
<dwsync>
<file name="datetimepicker.css" server="serviciosortopedia.com/www/" local="130434372000000000" remote="130763422800000000" Dst="-1" />
<file name="datetimepicker.less" server="serviciosortopedia.com/www/" local="130434372000000000" remote="130763423400000000" Dst="-1" />
<file name="datetimepicker.css" server="hapconsulting.net/www/" local="130434372000000000" remote="130904307000000000" Dst="-1" />
<file name="datetimepicker.less" server="hapconsulting.net/www/" local="130434372000000000" remote="130904307000000000" Dst="-1" />
<file name="datetimepicker.css" server="38-plus.com/www/" local="130434372000000000" remote="131001897000000000" Dst="-1" />
<file name="datetimepicker.less" server="38-plus.com/www/" local="130434372000000000" remote="131001897000000000" Dst="-1" />
<file name="datetimepicker.css" server="lapetala.com/www/" local="130434372000000000" remote="131323422600000000" Dst="0" />
<file name="datetimepicker.less" server="lapetala.com/www/" local="130434372000000000" remote="131323422600000000" Dst="0" />
<file name="datetimepicker.css" server="haptracking.com/www/" local="130434372000000000" remote="131448856800000000" Dst="0" />
<file name="datetimepicker.less" server="haptracking.com/www/" local="130434372000000000" remote="131448856800000000" Dst="0" />
</dwsync>