<?xml version="1.0" encoding="utf-8" ?>
<dwsync>
<file name="arrow.png" server="serviciosortopedia.com/www/" local="130434372000000000" remote="130763430000000000" Dst="-1" />
<file name="close.png" server="serviciosortopedia.com/www/" local="130434372000000000" remote="130763430000000000" Dst="-1" />
<file name="mini.png" server="serviciosortopedia.com/www/" local="130434372000000000" remote="130763430000000000" Dst="-1" />
<file name="arrow.png" server="hapconsulting.net/www/" local="130434372000000000" remote="130904310000000000" Dst="-1" />
<file name="close.png" server="hapconsulting.net/www/" local="130434372000000000" remote="130904310000000000" Dst="-1" />
<file name="mini.png" server="hapconsulting.net/www/" local="130434372000000000" remote="130904310000000000" Dst="-1" />
<file name="arrow.png" server="38-plus.com/www/" local="130434372000000000" remote="131001900000000000" Dst="-1" />
<file name="close.png" server="38-plus.com/www/" local="130434372000000000" remote="131001900000000000" Dst="-1" />
<file name="mini.png" server="38-plus.com/www/" local="130434372000000000" remote="131001900000000000" Dst="-1" />
<file name="arrow.png" server="lapetala.com/www/" local="130434372000000000" remote="131323423800000000" Dst="0" />
<file name="close.png" server="lapetala.com/www/" local="130434372000000000" remote="131323423800000000" Dst="0" />
<file name="mini.png" server="lapetala.com/www/" local="130434372000000000" remote="131323423800000000" Dst="0" />
<file name="arrow.png" server="haptracking.com/www/" local="130434372000000000" remote="131448858600000000" Dst="0" />
<file name="close.png" server="haptracking.com/www/" local="130434372000000000" remote="131448858600000000" Dst="0" />
<file name="mini.png" server="haptracking.com/www/" local="130434372000000000" remote="131448858600000000" Dst="0" />
</dwsync>