<?xml version="1.0" encoding="utf-8" ?>
<dwsync>
<file name="API.md" server="serviciosortopedia.com/www/" local="130434372000000000" remote="130763430600000000" Dst="-1" />
<file name="build.log" server="serviciosortopedia.com/www/" local="130434372000000000" remote="130749045600000000" Dst="-1" />
<file name="CONTRIBUTING.md" server="serviciosortopedia.com/www/" local="130434372000000000" remote="130763430600000000" Dst="-1" />
<file name="excanvas.js" server="serviciosortopedia.com/www/" local="130434372000000000" remote="130763431200000000" Dst="-1" />
<file name="excanvas.min.js" server="serviciosortopedia.com/www/" local="130434372000000000" remote="130763431200000000" Dst="-1" />
<file name="FAQ.md" server="serviciosortopedia.com/www/" local="130434372000000000" remote="130763431200000000" Dst="-1" />
<file name="jquery.colorhelpers.js" server="serviciosortopedia.com/www/" local="130434372000000000" remote="130763431200000000" Dst="-1" />
<file name="jquery.colorhelpers.min.js" server="serviciosortopedia.com/www/" local="130434372000000000" remote="130763431200000000" Dst="-1" />
<file name="jquery.flot.animator.js" server="serviciosortopedia.com/www/" local="130434372000000000" remote="130763431200000000" Dst="-1" />
<file name="jquery.flot.animator.min.js" server="serviciosortopedia.com/www/" local="130434372000000000" remote="130763431200000000" Dst="-1" />
<file name="jquery.flot.canvas.js" server="serviciosortopedia.com/www/" local="130434372000000000" remote="130763431200000000" Dst="-1" />
<file name="jquery.flot.canvas.min.js" server="serviciosortopedia.com/www/" local="130434372000000000" remote="130763431200000000" Dst="-1" />
<file name="jquery.flot.categories.js" server="serviciosortopedia.com/www/" local="130434372000000000" remote="130763431200000000" Dst="-1" />
<file name="jquery.flot.categories.min.js" server="serviciosortopedia.com/www/" local="130434372000000000" remote="130763431200000000" Dst="-1" />
<file name="jquery.flot.crosshair.js" server="serviciosortopedia.com/www/" local="130434372000000000" remote="130763431200000000" Dst="-1" />
<file name="jquery.flot.crosshair.min.js" server="serviciosortopedia.com/www/" local="130434372000000000" remote="130763431200000000" Dst="-1" />
<file name="jquery.flot.errorbars.js" server="serviciosortopedia.com/www/" local="130434372000000000" remote="130763431200000000" Dst="-1" />
<file name="jquery.flot.errorbars.min.js" server="serviciosortopedia.com/www/" local="130434372000000000" remote="130763431200000000" Dst="-1" />
<file name="jquery.flot.fillbetween.js" server="serviciosortopedia.com/www/" local="130434372000000000" remote="130763431200000000" Dst="-1" />
<file name="jquery.flot.fillbetween.min.js" server="serviciosortopedia.com/www/" local="130434372000000000" remote="130763431200000000" Dst="-1" />
<file name="jquery.flot.growraf.js" server="serviciosortopedia.com/www/" local="130434372000000000" remote="130763431200000000" Dst="-1" />
<file name="jquery.flot.image.js" server="serviciosortopedia.com/www/" local="130434372000000000" remote="130763431200000000" Dst="-1" />
<file name="jquery.flot.image.min.js" server="serviciosortopedia.com/www/" local="130434372000000000" remote="130763431200000000" Dst="-1" />
<file name="jquery.flot.js" server="serviciosortopedia.com/www/" local="130604789140000000" remote="130763431200000000" Dst="-1" />
<file name="jquery.flot.min.js" server="serviciosortopedia.com/www/" local="130434372000000000" remote="130763431200000000" Dst="-1" />
<file name="jquery.flot.navigate.js" server="serviciosortopedia.com/www/" local="130434372000000000" remote="130763431200000000" Dst="-1" />
<file name="jquery.flot.navigate.min.js" server="serviciosortopedia.com/www/" local="130434372000000000" remote="130763431200000000" Dst="-1" />
<file name="jquery.flot.pie.js" server="serviciosortopedia.com/www/" local="130434372000000000" remote="130763431200000000" Dst="-1" />
<file name="jquery.flot.pie.min.js" server="serviciosortopedia.com/www/" local="130434372000000000" remote="130763431200000000" Dst="-1" />
<file name="jquery.flot.pie.resize.js" server="serviciosortopedia.com/www/" local="130434372000000000" remote="130763431200000000" Dst="-1" />
<file name="jquery.flot.resize.js" server="serviciosortopedia.com/www/" local="130604789140000000" remote="130763431200000000" Dst="-1" />
<file name="jquery.flot.resize.min.js" server="serviciosortopedia.com/www/" local="130434372000000000" remote="130763431200000000" Dst="-1" />
<file name="jquery.flot.selection.js" server="serviciosortopedia.com/www/" local="130434372000000000" remote="130763431200000000" Dst="-1" />
<file name="jquery.flot.selection.min.js" server="serviciosortopedia.com/www/" local="130434372000000000" remote="130763431200000000" Dst="-1" />
<file name="jquery.flot.spline.js" server="serviciosortopedia.com/www/" local="130434372000000000" remote="130763431200000000" Dst="-1" />
<file name="jquery.flot.stack.js" server="serviciosortopedia.com/www/" local="130434372000000000" remote="130763431200000000" Dst="-1" />
<file name="jquery.flot.stack.min.js" server="serviciosortopedia.com/www/" local="130434372000000000" remote="130763431200000000" Dst="-1" />
<file name="jquery.flot.symbol.js" server="serviciosortopedia.com/www/" local="130434372000000000" remote="130763431200000000" Dst="-1" />
<file name="jquery.flot.symbol.min.js" server="serviciosortopedia.com/www/" local="130434372000000000" remote="130763431800000000" Dst="-1" />
<file name="jquery.flot.threshold.js" server="serviciosortopedia.com/www/" local="130434372000000000" remote="130763431800000000" Dst="-1" />
<file name="jquery.flot.threshold.min.js" server="serviciosortopedia.com/www/" local="130434372000000000" remote="130763431800000000" Dst="-1" />
<file name="jquery.flot.time.js" server="serviciosortopedia.com/www/" local="130434372000000000" remote="130763431800000000" Dst="-1" />
<file name="jquery.flot.time.min.js" server="serviciosortopedia.com/www/" local="130434372000000000" remote="130763431800000000" Dst="-1" />
<file name="jquery.flot.tooltip.js" server="serviciosortopedia.com/www/" local="130604789140000000" remote="130763431800000000" Dst="-1" />
<file name="jquery.flot.tooltip.min.js" server="serviciosortopedia.com/www/" local="130434372000000000" remote="130763431800000000" Dst="-1" />
<file name="jquery.js" server="serviciosortopedia.com/www/" local="130434372000000000" remote="130763431800000000" Dst="-1" />
<file name="jquery.min.js" server="serviciosortopedia.com/www/" local="130434372000000000" remote="130763431800000000" Dst="-1" />
<file name="LICENSE.txt" server="serviciosortopedia.com/www/" local="130434372000000000" remote="130763431800000000" Dst="-1" />
<file name="Makefile" server="serviciosortopedia.com/www/" local="130434372000000000" remote="130763431800000000" Dst="-1" />
<file name="NEWS.md" server="serviciosortopedia.com/www/" local="130434372000000000" remote="130763431800000000" Dst="-1" />
<file name="PLUGINS.md" server="serviciosortopedia.com/www/" local="130434372000000000" remote="130763431800000000" Dst="-1" />
<file name="README.md" server="serviciosortopedia.com/www/" local="130434372000000000" remote="130763431800000000" Dst="-1" />
<file name="API.md" server="hapconsulting.net/www/" local="130434372000000000" remote="130904310600000000" Dst="-1" />
<file name="build.log" server="hapconsulting.net/www/" local="130434372000000000" remote="130904310600000000" Dst="-1" />
<file name="CONTRIBUTING.md" server="hapconsulting.net/www/" local="130434372000000000" remote="130904310600000000" Dst="-1" />
<file name="excanvas.js" server="hapconsulting.net/www/" local="130434372000000000" remote="130904310600000000" Dst="-1" />
<file name="excanvas.min.js" server="hapconsulting.net/www/" local="130434372000000000" remote="130904310600000000" Dst="-1" />
<file name="FAQ.md" server="hapconsulting.net/www/" local="130434372000000000" remote="130904310600000000" Dst="-1" />
<file name="jquery.colorhelpers.js" server="hapconsulting.net/www/" local="130434372000000000" remote="130904310600000000" Dst="-1" />
<file name="jquery.colorhelpers.min.js" server="hapconsulting.net/www/" local="130434372000000000" remote="130904310600000000" Dst="-1" />
<file name="jquery.flot.animator.js" server="hapconsulting.net/www/" local="130434372000000000" remote="130904310600000000" Dst="-1" />
<file name="jquery.flot.animator.min.js" server="hapconsulting.net/www/" local="130434372000000000" remote="130904310600000000" Dst="-1" />
<file name="jquery.flot.canvas.js" server="hapconsulting.net/www/" local="130434372000000000" remote="130904310600000000" Dst="-1" />
<file name="jquery.flot.canvas.min.js" server="hapconsulting.net/www/" local="130434372000000000" remote="130904310600000000" Dst="-1" />
<file name="jquery.flot.categories.js" server="hapconsulting.net/www/" local="130434372000000000" remote="130904310600000000" Dst="-1" />
<file name="jquery.flot.categories.min.js" server="hapconsulting.net/www/" local="130434372000000000" remote="130904310600000000" Dst="-1" />
<file name="jquery.flot.crosshair.js" server="hapconsulting.net/www/" local="130434372000000000" remote="130904310600000000" Dst="-1" />
<file name="jquery.flot.crosshair.min.js" server="hapconsulting.net/www/" local="130434372000000000" remote="130904310600000000" Dst="-1" />
<file name="jquery.flot.errorbars.js" server="hapconsulting.net/www/" local="130434372000000000" remote="130904310600000000" Dst="-1" />
<file name="jquery.flot.errorbars.min.js" server="hapconsulting.net/www/" local="130434372000000000" remote="130904310600000000" Dst="-1" />
<file name="jquery.flot.fillbetween.js" server="hapconsulting.net/www/" local="130434372000000000" remote="130904310600000000" Dst="-1" />
<file name="jquery.flot.fillbetween.min.js" server="hapconsulting.net/www/" local="130434372000000000" remote="130904310600000000" Dst="-1" />
<file name="jquery.flot.growraf.js" server="hapconsulting.net/www/" local="130434372000000000" remote="130904310600000000" Dst="-1" />
<file name="jquery.flot.image.js" server="hapconsulting.net/www/" local="130434372000000000" remote="130904310600000000" Dst="-1" />
<file name="jquery.flot.image.min.js" server="hapconsulting.net/www/" local="130434372000000000" remote="130904310600000000" Dst="-1" />
<file name="jquery.flot.js" server="hapconsulting.net/www/" local="130604789140000000" remote="130904310600000000" Dst="-1" />
<file name="jquery.flot.min.js" server="hapconsulting.net/www/" local="130434372000000000" remote="130904310600000000" Dst="-1" />
<file name="jquery.flot.navigate.js" server="hapconsulting.net/www/" local="130434372000000000" remote="130904310600000000" Dst="-1" />
<file name="jquery.flot.navigate.min.js" server="hapconsulting.net/www/" local="130434372000000000" remote="130904310600000000" Dst="-1" />
<file name="jquery.flot.pie.js" server="hapconsulting.net/www/" local="130434372000000000" remote="130904310600000000" Dst="-1" />
<file name="jquery.flot.pie.min.js" server="hapconsulting.net/www/" local="130434372000000000" remote="130904311200000000" Dst="-1" />
<file name="jquery.flot.pie.resize.js" server="hapconsulting.net/www/" local="130434372000000000" remote="130904311200000000" Dst="-1" />
<file name="jquery.flot.resize.js" server="hapconsulting.net/www/" local="130604789140000000" remote="130904311200000000" Dst="-1" />
<file name="jquery.flot.resize.min.js" server="hapconsulting.net/www/" local="130434372000000000" remote="130904311200000000" Dst="-1" />
<file name="jquery.flot.selection.js" server="hapconsulting.net/www/" local="130434372000000000" remote="130904311200000000" Dst="-1" />
<file name="jquery.flot.selection.min.js" server="hapconsulting.net/www/" local="130434372000000000" remote="130904311200000000" Dst="-1" />
<file name="jquery.flot.spline.js" server="hapconsulting.net/www/" local="130434372000000000" remote="130904311200000000" Dst="-1" />
<file name="jquery.flot.stack.js" server="hapconsulting.net/www/" local="130434372000000000" remote="130904311200000000" Dst="-1" />
<file name="jquery.flot.stack.min.js" server="hapconsulting.net/www/" local="130434372000000000" remote="130904311200000000" Dst="-1" />
<file name="jquery.flot.symbol.js" server="hapconsulting.net/www/" local="130434372000000000" remote="130904311200000000" Dst="-1" />
<file name="jquery.flot.symbol.min.js" server="hapconsulting.net/www/" local="130434372000000000" remote="130904311200000000" Dst="-1" />
<file name="jquery.flot.threshold.js" server="hapconsulting.net/www/" local="130434372000000000" remote="130904311200000000" Dst="-1" />
<file name="jquery.flot.threshold.min.js" server="hapconsulting.net/www/" local="130434372000000000" remote="130904311200000000" Dst="-1" />
<file name="jquery.flot.time.js" server="hapconsulting.net/www/" local="130434372000000000" remote="130904311200000000" Dst="-1" />
<file name="jquery.flot.time.min.js" server="hapconsulting.net/www/" local="130434372000000000" remote="130904311200000000" Dst="-1" />
<file name="jquery.flot.tooltip.js" server="hapconsulting.net/www/" local="130604789140000000" remote="130904311200000000" Dst="-1" />
<file name="jquery.flot.tooltip.min.js" server="hapconsulting.net/www/" local="130434372000000000" remote="130904311200000000" Dst="-1" />
<file name="jquery.js" server="hapconsulting.net/www/" local="130434372000000000" remote="130904311200000000" Dst="-1" />
<file name="jquery.min.js" server="hapconsulting.net/www/" local="130434372000000000" remote="130904311200000000" Dst="-1" />
<file name="LICENSE.txt" server="hapconsulting.net/www/" local="130434372000000000" remote="130904311200000000" Dst="-1" />
<file name="Makefile" server="hapconsulting.net/www/" local="130434372000000000" remote="130904311200000000" Dst="-1" />
<file name="NEWS.md" server="hapconsulting.net/www/" local="130434372000000000" remote="130904311200000000" Dst="-1" />
<file name="PLUGINS.md" server="hapconsulting.net/www/" local="130434372000000000" remote="130904311200000000" Dst="-1" />
<file name="README.md" server="hapconsulting.net/www/" local="130434372000000000" remote="130904311200000000" Dst="-1" />
<file name="API.md" server="38-plus.com/www/" local="130434372000000000" remote="131001900600000000" Dst="-1" />
<file name="build.log" server="38-plus.com/www/" local="130434372000000000" remote="131001900600000000" Dst="-1" />
<file name="CONTRIBUTING.md" server="38-plus.com/www/" local="130434372000000000" remote="131001900600000000" Dst="-1" />
<file name="excanvas.js" server="38-plus.com/www/" local="130434372000000000" remote="131001900600000000" Dst="-1" />
<file name="excanvas.min.js" server="38-plus.com/www/" local="130434372000000000" remote="131001900600000000" Dst="-1" />
<file name="FAQ.md" server="38-plus.com/www/" local="130434372000000000" remote="131001900600000000" Dst="-1" />
<file name="jquery.colorhelpers.js" server="38-plus.com/www/" local="130434372000000000" remote="131001900600000000" Dst="-1" />
<file name="jquery.colorhelpers.min.js" server="38-plus.com/www/" local="130434372000000000" remote="131001900600000000" Dst="-1" />
<file name="jquery.flot.animator.js" server="38-plus.com/www/" local="130434372000000000" remote="131001900600000000" Dst="-1" />
<file name="jquery.flot.animator.min.js" server="38-plus.com/www/" local="130434372000000000" remote="131001900600000000" Dst="-1" />
<file name="jquery.flot.canvas.js" server="38-plus.com/www/" local="130434372000000000" remote="131001900600000000" Dst="-1" />
<file name="jquery.flot.canvas.min.js" server="38-plus.com/www/" local="130434372000000000" remote="131001900600000000" Dst="-1" />
<file name="jquery.flot.categories.js" server="38-plus.com/www/" local="130434372000000000" remote="131001900600000000" Dst="-1" />
<file name="jquery.flot.categories.min.js" server="38-plus.com/www/" local="130434372000000000" remote="131001900600000000" Dst="-1" />
<file name="jquery.flot.crosshair.js" server="38-plus.com/www/" local="130434372000000000" remote="131001900600000000" Dst="-1" />
<file name="jquery.flot.crosshair.min.js" server="38-plus.com/www/" local="130434372000000000" remote="131001900600000000" Dst="-1" />
<file name="jquery.flot.errorbars.js" server="38-plus.com/www/" local="130434372000000000" remote="131001900600000000" Dst="-1" />
<file name="jquery.flot.errorbars.min.js" server="38-plus.com/www/" local="130434372000000000" remote="131001900600000000" Dst="-1" />
<file name="jquery.flot.fillbetween.js" server="38-plus.com/www/" local="130434372000000000" remote="131001900600000000" Dst="-1" />
<file name="jquery.flot.fillbetween.min.js" server="38-plus.com/www/" local="130434372000000000" remote="131001900600000000" Dst="-1" />
<file name="jquery.flot.growraf.js" server="38-plus.com/www/" local="130434372000000000" remote="131001900600000000" Dst="-1" />
<file name="jquery.flot.image.js" server="38-plus.com/www/" local="130434372000000000" remote="131001900600000000" Dst="-1" />
<file name="jquery.flot.image.min.js" server="38-plus.com/www/" local="130434372000000000" remote="131001900600000000" Dst="-1" />
<file name="jquery.flot.js" server="38-plus.com/www/" local="130604789140000000" remote="131001900600000000" Dst="-1" />
<file name="jquery.flot.min.js" server="38-plus.com/www/" local="130434372000000000" remote="131001900600000000" Dst="-1" />
<file name="jquery.flot.navigate.js" server="38-plus.com/www/" local="130434372000000000" remote="131001900600000000" Dst="-1" />
<file name="jquery.flot.navigate.min.js" server="38-plus.com/www/" local="130434372000000000" remote="131001900600000000" Dst="-1" />
<file name="jquery.flot.pie.js" server="38-plus.com/www/" local="130434372000000000" remote="131001900600000000" Dst="-1" />
<file name="jquery.flot.pie.min.js" server="38-plus.com/www/" local="130434372000000000" remote="131001900600000000" Dst="-1" />
<file name="jquery.flot.pie.resize.js" server="38-plus.com/www/" local="130434372000000000" remote="131001900600000000" Dst="-1" />
<file name="jquery.flot.resize.js" server="38-plus.com/www/" local="130604789140000000" remote="131001900600000000" Dst="-1" />
<file name="jquery.flot.resize.min.js" server="38-plus.com/www/" local="130434372000000000" remote="131001900600000000" Dst="-1" />
<file name="jquery.flot.selection.js" server="38-plus.com/www/" local="130434372000000000" remote="131001900600000000" Dst="-1" />
<file name="jquery.flot.selection.min.js" server="38-plus.com/www/" local="130434372000000000" remote="131001900600000000" Dst="-1" />
<file name="jquery.flot.spline.js" server="38-plus.com/www/" local="130434372000000000" remote="131001900600000000" Dst="-1" />
<file name="jquery.flot.stack.js" server="38-plus.com/www/" local="130434372000000000" remote="131001900600000000" Dst="-1" />
<file name="jquery.flot.stack.min.js" server="38-plus.com/www/" local="130434372000000000" remote="131001900600000000" Dst="-1" />
<file name="jquery.flot.symbol.js" server="38-plus.com/www/" local="130434372000000000" remote="131001900600000000" Dst="-1" />
<file name="jquery.flot.symbol.min.js" server="38-plus.com/www/" local="130434372000000000" remote="131001900600000000" Dst="-1" />
<file name="jquery.flot.threshold.js" server="38-plus.com/www/" local="130434372000000000" remote="131001900600000000" Dst="-1" />
<file name="jquery.flot.threshold.min.js" server="38-plus.com/www/" local="130434372000000000" remote="131001900600000000" Dst="-1" />
<file name="jquery.flot.time.js" server="38-plus.com/www/" local="130434372000000000" remote="131001900600000000" Dst="-1" />
<file name="jquery.flot.time.min.js" server="38-plus.com/www/" local="130434372000000000" remote="131001900600000000" Dst="-1" />
<file name="jquery.flot.tooltip.js" server="38-plus.com/www/" local="130604789140000000" remote="131001900600000000" Dst="-1" />
<file name="jquery.flot.tooltip.min.js" server="38-plus.com/www/" local="130434372000000000" remote="131001900600000000" Dst="-1" />
<file name="jquery.js" server="38-plus.com/www/" local="130434372000000000" remote="131001900600000000" Dst="-1" />
<file name="jquery.min.js" server="38-plus.com/www/" local="130434372000000000" remote="131001900600000000" Dst="-1" />
<file name="LICENSE.txt" server="38-plus.com/www/" local="130434372000000000" remote="131001900600000000" Dst="-1" />
<file name="Makefile" server="38-plus.com/www/" local="130434372000000000" remote="131001900600000000" Dst="-1" />
<file name="NEWS.md" server="38-plus.com/www/" local="130434372000000000" remote="131001900600000000" Dst="-1" />
<file name="PLUGINS.md" server="38-plus.com/www/" local="130434372000000000" remote="131001900600000000" Dst="-1" />
<file name="README.md" server="38-plus.com/www/" local="130434372000000000" remote="131001900600000000" Dst="-1" />
<file name="API.md" server="lapetala.com/www/" local="130434372000000000" remote="131323424400000000" Dst="0" />
<file name="build.log" server="lapetala.com/www/" local="130434372000000000" remote="131323424400000000" Dst="0" />
<file name="CONTRIBUTING.md" server="lapetala.com/www/" local="130434372000000000" remote="131323424400000000" Dst="0" />
<file name="FAQ.md" server="lapetala.com/www/" local="130434372000000000" remote="131323424400000000" Dst="0" />
<file name="excanvas.js" server="lapetala.com/www/" local="130434372000000000" remote="131323424400000000" Dst="0" />
<file name="excanvas.min.js" server="lapetala.com/www/" local="130434372000000000" remote="131323424400000000" Dst="0" />
<file name="jquery.colorhelpers.js" server="lapetala.com/www/" local="130434372000000000" remote="131323424400000000" Dst="0" />
<file name="jquery.colorhelpers.min.js" server="lapetala.com/www/" local="130434372000000000" remote="131323424400000000" Dst="0" />
<file name="jquery.flot.animator.js" server="lapetala.com/www/" local="130434372000000000" remote="131323424400000000" Dst="0" />
<file name="jquery.flot.animator.min.js" server="lapetala.com/www/" local="130434372000000000" remote="131323424400000000" Dst="0" />
<file name="jquery.flot.canvas.js" server="lapetala.com/www/" local="130434372000000000" remote="131323424400000000" Dst="0" />
<file name="jquery.flot.canvas.min.js" server="lapetala.com/www/" local="130434372000000000" remote="131323424400000000" Dst="0" />
<file name="jquery.flot.categories.js" server="lapetala.com/www/" local="130434372000000000" remote="131323424400000000" Dst="0" />
<file name="jquery.flot.categories.min.js" server="lapetala.com/www/" local="130434372000000000" remote="131323424400000000" Dst="0" />
<file name="jquery.flot.crosshair.js" server="lapetala.com/www/" local="130434372000000000" remote="131323424400000000" Dst="0" />
<file name="jquery.flot.crosshair.min.js" server="lapetala.com/www/" local="130434372000000000" remote="131323424400000000" Dst="0" />
<file name="jquery.flot.errorbars.js" server="lapetala.com/www/" local="130434372000000000" remote="131323424400000000" Dst="0" />
<file name="jquery.flot.errorbars.min.js" server="lapetala.com/www/" local="130434372000000000" remote="131323424400000000" Dst="0" />
<file name="jquery.flot.fillbetween.js" server="lapetala.com/www/" local="130434372000000000" remote="131323424400000000" Dst="0" />
<file name="jquery.flot.fillbetween.min.js" server="lapetala.com/www/" local="130434372000000000" remote="131323424400000000" Dst="0" />
<file name="jquery.flot.growraf.js" server="lapetala.com/www/" local="130434372000000000" remote="131323424400000000" Dst="0" />
<file name="jquery.flot.image.js" server="lapetala.com/www/" local="130434372000000000" remote="131323424400000000" Dst="0" />
<file name="jquery.flot.image.min.js" server="lapetala.com/www/" local="130434372000000000" remote="131323424400000000" Dst="0" />
<file name="jquery.flot.min.js" server="lapetala.com/www/" local="130434372000000000" remote="131323424400000000" Dst="0" />
<file name="jquery.flot.js" server="lapetala.com/www/" local="130604789140000000" remote="131323424400000000" Dst="0" />
<file name="jquery.flot.navigate.js" server="lapetala.com/www/" local="130434372000000000" remote="131323424400000000" Dst="0" />
<file name="jquery.flot.navigate.min.js" server="lapetala.com/www/" local="130434372000000000" remote="131323424400000000" Dst="0" />
<file name="jquery.flot.pie.js" server="lapetala.com/www/" local="130434372000000000" remote="131323424400000000" Dst="0" />
<file name="jquery.flot.pie.min.js" server="lapetala.com/www/" local="130434372000000000" remote="131323424400000000" Dst="0" />
<file name="jquery.flot.pie.resize.js" server="lapetala.com/www/" local="130434372000000000" remote="131323424400000000" Dst="0" />
<file name="jquery.flot.resize.js" server="lapetala.com/www/" local="130604789140000000" remote="131323424400000000" Dst="0" />
<file name="jquery.flot.resize.min.js" server="lapetala.com/www/" local="130434372000000000" remote="131323424400000000" Dst="0" />
<file name="jquery.flot.selection.js" server="lapetala.com/www/" local="130434372000000000" remote="131323424400000000" Dst="0" />
<file name="jquery.flot.selection.min.js" server="lapetala.com/www/" local="130434372000000000" remote="131323424400000000" Dst="0" />
<file name="jquery.flot.spline.js" server="lapetala.com/www/" local="130434372000000000" remote="131323424400000000" Dst="0" />
<file name="jquery.flot.stack.js" server="lapetala.com/www/" local="130434372000000000" remote="131323424400000000" Dst="0" />
<file name="jquery.flot.stack.min.js" server="lapetala.com/www/" local="130434372000000000" remote="131323424400000000" Dst="0" />
<file name="jquery.flot.symbol.js" server="lapetala.com/www/" local="130434372000000000" remote="131323424400000000" Dst="0" />
<file name="jquery.flot.symbol.min.js" server="lapetala.com/www/" local="130434372000000000" remote="131323424400000000" Dst="0" />
<file name="jquery.flot.threshold.js" server="lapetala.com/www/" local="130434372000000000" remote="131323424400000000" Dst="0" />
<file name="jquery.flot.threshold.min.js" server="lapetala.com/www/" local="130434372000000000" remote="131323424400000000" Dst="0" />
<file name="jquery.flot.tooltip.js" server="lapetala.com/www/" local="130604789140000000" remote="131323424400000000" Dst="0" />
<file name="jquery.flot.time.js" server="lapetala.com/www/" local="130434372000000000" remote="131323424400000000" Dst="0" />
<file name="jquery.flot.time.min.js" server="lapetala.com/www/" local="130434372000000000" remote="131323424400000000" Dst="0" />
<file name="jquery.flot.tooltip.min.js" server="lapetala.com/www/" local="130434372000000000" remote="131323424400000000" Dst="0" />
<file name="jquery.min.js" server="lapetala.com/www/" local="130434372000000000" remote="131323424400000000" Dst="0" />
<file name="LICENSE.txt" server="lapetala.com/www/" local="130434372000000000" remote="131323424400000000" Dst="0" />
<file name="jquery.js" server="lapetala.com/www/" local="130434372000000000" remote="131323424400000000" Dst="0" />
<file name="Makefile" server="lapetala.com/www/" local="130434372000000000" remote="131323424400000000" Dst="0" />
<file name="NEWS.md" server="lapetala.com/www/" local="130434372000000000" remote="131323424400000000" Dst="0" />
<file name="README.md" server="lapetala.com/www/" local="130434372000000000" remote="131323424400000000" Dst="0" />
<file name="PLUGINS.md" server="lapetala.com/www/" local="130434372000000000" remote="131323424400000000" Dst="0" />
<file name="build.log" server="haptracking.com/www/" local="130434372000000000" remote="131448858600000000" Dst="0" />
<file name="API.md" server="haptracking.com/www/" local="130434372000000000" remote="131448858600000000" Dst="0" />
<file name="excanvas.js" server="haptracking.com/www/" local="130434372000000000" remote="131448858600000000" Dst="0" />
<file name="CONTRIBUTING.md" server="haptracking.com/www/" local="130434372000000000" remote="131448858600000000" Dst="0" />
<file name="excanvas.min.js" server="haptracking.com/www/" local="130434372000000000" remote="131448858600000000" Dst="0" />
<file name="jquery.colorhelpers.js" server="haptracking.com/www/" local="130434372000000000" remote="131448858600000000" Dst="0" />
<file name="FAQ.md" server="haptracking.com/www/" local="130434372000000000" remote="131448858600000000" Dst="0" />
<file name="jquery.colorhelpers.min.js" server="haptracking.com/www/" local="130434372000000000" remote="131448859200000000" Dst="0" />
<file name="jquery.flot.canvas.js" server="haptracking.com/www/" local="130434372000000000" remote="131448859200000000" Dst="0" />
<file name="jquery.flot.animator.js" server="haptracking.com/www/" local="130434372000000000" remote="131448859200000000" Dst="0" />
<file name="jquery.flot.animator.min.js" server="haptracking.com/www/" local="130434372000000000" remote="131448859200000000" Dst="0" />
<file name="jquery.flot.categories.js" server="haptracking.com/www/" local="130434372000000000" remote="131448859200000000" Dst="0" />
<file name="jquery.flot.canvas.min.js" server="haptracking.com/www/" local="130434372000000000" remote="131448859200000000" Dst="0" />
<file name="jquery.flot.categories.min.js" server="haptracking.com/www/" local="130434372000000000" remote="131448859200000000" Dst="0" />
<file name="jquery.flot.crosshair.min.js" server="haptracking.com/www/" local="130434372000000000" remote="131448859200000000" Dst="0" />
<file name="jquery.flot.crosshair.js" server="haptracking.com/www/" local="130434372000000000" remote="131448859200000000" Dst="0" />
<file name="jquery.flot.errorbars.js" server="haptracking.com/www/" local="130434372000000000" remote="131448859200000000" Dst="0" />
<file name="jquery.flot.fillbetween.js" server="haptracking.com/www/" local="130434372000000000" remote="131448859200000000" Dst="0" />
<file name="jquery.flot.errorbars.min.js" server="haptracking.com/www/" local="130434372000000000" remote="131448859200000000" Dst="0" />
<file name="jquery.flot.fillbetween.min.js" server="haptracking.com/www/" local="130434372000000000" remote="131448859200000000" Dst="0" />
<file name="jquery.flot.image.js" server="haptracking.com/www/" local="130434372000000000" remote="131448859200000000" Dst="0" />
<file name="jquery.flot.growraf.js" server="haptracking.com/www/" local="130434372000000000" remote="131448859200000000" Dst="0" />
<file name="jquery.flot.image.min.js" server="haptracking.com/www/" local="130434372000000000" remote="131448859200000000" Dst="0" />
<file name="jquery.flot.min.js" server="haptracking.com/www/" local="130434372000000000" remote="131448859200000000" Dst="0" />
<file name="jquery.flot.navigate.js" server="haptracking.com/www/" local="130434372000000000" remote="131448859200000000" Dst="0" />
<file name="jquery.flot.navigate.min.js" server="haptracking.com/www/" local="130434372000000000" remote="131448859200000000" Dst="0" />
<file name="jquery.flot.js" server="haptracking.com/www/" local="130604789140000000" remote="131448859200000000" Dst="0" />
<file name="jquery.flot.pie.js" server="haptracking.com/www/" local="130434372000000000" remote="131448859200000000" Dst="0" />
<file name="jquery.flot.pie.min.js" server="haptracking.com/www/" local="130434372000000000" remote="131448859200000000" Dst="0" />
<file name="jquery.flot.pie.resize.js" server="haptracking.com/www/" local="130434372000000000" remote="131448859200000000" Dst="0" />
<file name="jquery.flot.resize.min.js" server="haptracking.com/www/" local="130434372000000000" remote="131448859200000000" Dst="0" />
<file name="jquery.flot.selection.js" server="haptracking.com/www/" local="130434372000000000" remote="131448859200000000" Dst="0" />
<file name="jquery.flot.resize.js" server="haptracking.com/www/" local="130604789140000000" remote="131448859200000000" Dst="0" />
<file name="jquery.flot.selection.min.js" server="haptracking.com/www/" local="130434372000000000" remote="131448859200000000" Dst="0" />
<file name="jquery.flot.spline.js" server="haptracking.com/www/" local="130434372000000000" remote="131448859200000000" Dst="0" />
<file name="jquery.flot.stack.js" server="haptracking.com/www/" local="130434372000000000" remote="131448859200000000" Dst="0" />
<file name="jquery.flot.stack.min.js" server="haptracking.com/www/" local="130434372000000000" remote="131448859200000000" Dst="0" />
<file name="jquery.flot.symbol.js" server="haptracking.com/www/" local="130434372000000000" remote="131448859200000000" Dst="0" />
<file name="jquery.flot.symbol.min.js" server="haptracking.com/www/" local="130434372000000000" remote="131448859200000000" Dst="0" />
<file name="jquery.flot.threshold.js" server="haptracking.com/www/" local="130434372000000000" remote="131448859200000000" Dst="0" />
<file name="jquery.flot.threshold.min.js" server="haptracking.com/www/" local="130434372000000000" remote="131448859200000000" Dst="0" />
<file name="jquery.flot.time.js" server="haptracking.com/www/" local="130434372000000000" remote="131448859200000000" Dst="0" />
<file name="jquery.flot.tooltip.min.js" server="haptracking.com/www/" local="130434372000000000" remote="131448859200000000" Dst="0" />
<file name="jquery.flot.time.min.js" server="haptracking.com/www/" local="130434372000000000" remote="131448859200000000" Dst="0" />
<file name="jquery.flot.tooltip.js" server="haptracking.com/www/" local="130604789140000000" remote="131448859200000000" Dst="0" />
<file name="LICENSE.txt" server="haptracking.com/www/" local="130434372000000000" remote="131448859200000000" Dst="0" />
<file name="Makefile" server="haptracking.com/www/" local="130434372000000000" remote="131448859200000000" Dst="0" />
<file name="jquery.min.js" server="haptracking.com/www/" local="130434372000000000" remote="131448859200000000" Dst="0" />
<file name="NEWS.md" server="haptracking.com/www/" local="130434372000000000" remote="131448859200000000" Dst="0" />
<file name="jquery.js" server="haptracking.com/www/" local="130434372000000000" remote="131448859200000000" Dst="0" />
<file name="PLUGINS.md" server="haptracking.com/www/" local="130434372000000000" remote="131448859200000000" Dst="0" />
<file name="README.md" server="haptracking.com/www/" local="130434372000000000" remote="131448859200000000" Dst="0" />
</dwsync>