<?xml version="1.0" encoding="utf-8" ?>
<dwsync>
<file name="fontawesome-webfont.eot" server="serviciosortopedia.com/www/" local="130434372000000000" remote="130763418000000000" Dst="-1" />
<file name="fontawesome-webfont.svg" server="serviciosortopedia.com/www/" local="130434372000000000" remote="130763418000000000" Dst="-1" />
<file name="fontawesome-webfont.ttf" server="serviciosortopedia.com/www/" local="130598795160000000" remote="130763418000000000" Dst="-1" />
<file name="fontawesome-webfont.woff" server="serviciosortopedia.com/www/" local="130604497200000000" remote="130763418000000000" Dst="-1" />
<file name="FontAwesome.otf" server="serviciosortopedia.com/www/" local="130598795160000000" remote="130763418000000000" Dst="-1" />
<file name="fontawesome-webfont.eot" server="hapconsulting.net/www/" local="130434372000000000" remote="130904304600000000" Dst="-1" />
<file name="fontawesome-webfont.svg" server="hapconsulting.net/www/" local="130434372000000000" remote="130904304600000000" Dst="-1" />
<file name="fontawesome-webfont.ttf" server="hapconsulting.net/www/" local="130598795160000000" remote="130904304600000000" Dst="-1" />
<file name="fontawesome-webfont.woff" server="hapconsulting.net/www/" local="130604497200000000" remote="130904304600000000" Dst="-1" />
<file name="FontAwesome.otf" server="hapconsulting.net/www/" local="130598795160000000" remote="130904304600000000" Dst="-1" />
<file name="fontawesome-webfont.eot" server="38-plus.com/www/" local="130434372000000000" remote="131001895200000000" Dst="-1" />
<file name="fontawesome-webfont.svg" server="38-plus.com/www/" local="130434372000000000" remote="131001895200000000" Dst="-1" />
<file name="fontawesome-webfont.ttf" server="38-plus.com/www/" local="130598795160000000" remote="131001895200000000" Dst="-1" />
<file name="fontawesome-webfont.woff" server="38-plus.com/www/" local="130604497200000000" remote="131001895200000000" Dst="-1" />
<file name="FontAwesome.otf" server="38-plus.com/www/" local="130598795160000000" remote="131001895200000000" Dst="-1" />
<file name="fontawesome-webfont.eot" server="lapetala.com/www/" local="130434372000000000" remote="131323421400000000" Dst="0" />
<file name="fontawesome-webfont.ttf" server="lapetala.com/www/" local="130598795160000000" remote="131323421400000000" Dst="0" />
<file name="fontawesome-webfont.woff" server="lapetala.com/www/" local="130604497200000000" remote="131323421400000000" Dst="0" />
<file name="fontawesome-webfont.svg" server="lapetala.com/www/" local="130434372000000000" remote="131323421400000000" Dst="0" />
<file name="FontAwesome.otf" server="lapetala.com/www/" local="130598795160000000" remote="131323421400000000" Dst="0" />
<file name="fontawesome-webfont.eot" server="haptracking.com/www/" local="130434372000000000" remote="131448856200000000" Dst="0" />
<file name="fontawesome-webfont.ttf" server="haptracking.com/www/" local="130598795160000000" remote="131448856200000000" Dst="0" />
<file name="fontawesome-webfont.woff" server="haptracking.com/www/" local="130604497200000000" remote="131448856200000000" Dst="0" />
<file name="fontawesome-webfont.svg" server="haptracking.com/www/" local="130434372000000000" remote="131448856200000000" Dst="0" />
<file name="FontAwesome.otf" server="haptracking.com/www/" local="130598795160000000" remote="131448856200000000" Dst="0" />
</dwsync>