<?xml version="1.0" encoding="utf-8" ?>
<dwsync>
<file name="jquery.dataTables.js" server="serviciosortopedia.com/www/" local="130434372000000000" remote="130763420400000000" Dst="-1" />
<file name="jquery.dataTables.min.js" server="serviciosortopedia.com/www/" local="130434372000000000" remote="130763420400000000" Dst="-1" />
<file name="jquery.js" server="serviciosortopedia.com/www/" local="130434372000000000" remote="130763420400000000" Dst="-1" />
<file name="jquery.dataTables.js" server="hapconsulting.net/www/" local="130434372000000000" remote="130904305800000000" Dst="-1" />
<file name="jquery.dataTables.min.js" server="hapconsulting.net/www/" local="130434372000000000" remote="130904305800000000" Dst="-1" />
<file name="jquery.js" server="hapconsulting.net/www/" local="130434372000000000" remote="130904305800000000" Dst="-1" />
<file name="jquery.dataTables.js" server="38-plus.com/www/" local="130434372000000000" remote="131001896400000000" Dst="-1" />
<file name="jquery.dataTables.min.js" server="38-plus.com/www/" local="130434372000000000" remote="131001896400000000" Dst="-1" />
<file name="jquery.js" server="38-plus.com/www/" local="130434372000000000" remote="131001896400000000" Dst="-1" />
<file name="jquery.dataTables.min.js" server="lapetala.com/www/" local="130434372000000000" remote="131323422000000000" Dst="0" />
<file name="jquery.js" server="lapetala.com/www/" local="130434372000000000" remote="131323422000000000" Dst="0" />
<file name="jquery.dataTables.js" server="lapetala.com/www/" local="130434372000000000" remote="131323422000000000" Dst="0" />
<file name="jquery.dataTables.min.js" server="haptracking.com/www/" local="130434372000000000" remote="131448856200000000" Dst="0" />
<file name="jquery.js" server="haptracking.com/www/" local="130434372000000000" remote="131448856200000000" Dst="0" />
<file name="jquery.dataTables.js" server="haptracking.com/www/" local="130434372000000000" remote="131448856200000000" Dst="0" />
</dwsync>