<?xml version="1.0" encoding="utf-8" ?>
<dwsync>
<file name="model.column.js" server="serviciosortopedia.com/www/" local="130434372000000000" remote="130763421600000000" Dst="-1" />
<file name="model.defaults.columns.js" server="serviciosortopedia.com/www/" local="130434372000000000" remote="130763421600000000" Dst="-1" />
<file name="model.defaults.js" server="serviciosortopedia.com/www/" local="130434372000000000" remote="130763421600000000" Dst="-1" />
<file name="model.ext.js" server="serviciosortopedia.com/www/" local="130434372000000000" remote="130763421600000000" Dst="-1" />
<file name="model.row.js" server="serviciosortopedia.com/www/" local="130434372000000000" remote="130763421600000000" Dst="-1" />
<file name="model.search.js" server="serviciosortopedia.com/www/" local="130434372000000000" remote="130763421600000000" Dst="-1" />
<file name="model.settings.js" server="serviciosortopedia.com/www/" local="130434372000000000" remote="130763421600000000" Dst="-1" />
<file name="model.column.js" server="hapconsulting.net/www/" local="130434372000000000" remote="130904305800000000" Dst="-1" />
<file name="model.defaults.columns.js" server="hapconsulting.net/www/" local="130434372000000000" remote="130904305800000000" Dst="-1" />
<file name="model.defaults.js" server="hapconsulting.net/www/" local="130434372000000000" remote="130904305800000000" Dst="-1" />
<file name="model.ext.js" server="hapconsulting.net/www/" local="130434372000000000" remote="130904305800000000" Dst="-1" />
<file name="model.row.js" server="hapconsulting.net/www/" local="130434372000000000" remote="130904305800000000" Dst="-1" />
<file name="model.search.js" server="hapconsulting.net/www/" local="130434372000000000" remote="130904305800000000" Dst="-1" />
<file name="model.settings.js" server="hapconsulting.net/www/" local="130434372000000000" remote="130904305800000000" Dst="-1" />
<file name="model.column.js" server="38-plus.com/www/" local="130434372000000000" remote="131001896400000000" Dst="-1" />
<file name="model.defaults.columns.js" server="38-plus.com/www/" local="130434372000000000" remote="131001896400000000" Dst="-1" />
<file name="model.defaults.js" server="38-plus.com/www/" local="130434372000000000" remote="131001896400000000" Dst="-1" />
<file name="model.ext.js" server="38-plus.com/www/" local="130434372000000000" remote="131001896400000000" Dst="-1" />
<file name="model.row.js" server="38-plus.com/www/" local="130434372000000000" remote="131001896400000000" Dst="-1" />
<file name="model.search.js" server="38-plus.com/www/" local="130434372000000000" remote="131001896400000000" Dst="-1" />
<file name="model.settings.js" server="38-plus.com/www/" local="130434372000000000" remote="131001896400000000" Dst="-1" />
<file name="model.column.js" server="lapetala.com/www/" local="130434372000000000" remote="131323422000000000" Dst="0" />
<file name="model.defaults.columns.js" server="lapetala.com/www/" local="130434372000000000" remote="131323422000000000" Dst="0" />
<file name="model.defaults.js" server="lapetala.com/www/" local="130434372000000000" remote="131323422000000000" Dst="0" />
<file name="model.row.js" server="lapetala.com/www/" local="130434372000000000" remote="131323422000000000" Dst="0" />
<file name="model.ext.js" server="lapetala.com/www/" local="130434372000000000" remote="131323422000000000" Dst="0" />
<file name="model.search.js" server="lapetala.com/www/" local="130434372000000000" remote="131323422000000000" Dst="0" />
<file name="model.settings.js" server="lapetala.com/www/" local="130434372000000000" remote="131323422000000000" Dst="0" />
<file name="model.column.js" server="haptracking.com/www/" local="130434372000000000" remote="131448856800000000" Dst="0" />
<file name="model.defaults.js" server="haptracking.com/www/" local="130434372000000000" remote="131448856800000000" Dst="0" />
<file name="model.defaults.columns.js" server="haptracking.com/www/" local="130434372000000000" remote="131448856800000000" Dst="0" />
<file name="model.ext.js" server="haptracking.com/www/" local="130434372000000000" remote="131448856800000000" Dst="0" />
<file name="model.row.js" server="haptracking.com/www/" local="130434372000000000" remote="131448856800000000" Dst="0" />
<file name="model.search.js" server="haptracking.com/www/" local="130434372000000000" remote="131448856800000000" Dst="0" />
<file name="model.settings.js" server="haptracking.com/www/" local="130434372000000000" remote="131448856800000000" Dst="0" />
</dwsync>