<?xml version="1.0" encoding="utf-8" ?>
<dwsync>
<file name="bg_body.gif" server="serviciosortopedia.com/www/" local="129858858367029559" remote="130763419800000000" Dst="-1" />
<file name="bg_button.gif" server="serviciosortopedia.com/www/" local="129858858367029559" remote="130763419800000000" Dst="-1" />
<file name="bg_button_hover.gif" server="serviciosortopedia.com/www/" local="129858858367019559" remote="130763419800000000" Dst="-1" />
<file name="bg_wn.gif" server="serviciosortopedia.com/www/" local="129858858367019559" remote="130763419800000000" Dst="-1" />
<file name="botgencode.jpg" server="serviciosortopedia.com/www/" local="129858858367009558" remote="130763419800000000" Dst="-1" />
<file name="flecha_calendario.gif" server="serviciosortopedia.com/www/" local="128869236000000000" remote="130763419800000000" Dst="-1" />
<file name="flecha_calendario_der.gif" server="serviciosortopedia.com/www/" local="128869236000000000" remote="130763419800000000" Dst="-1" />
<file name="menuarrow.gif" server="serviciosortopedia.com/www/" local="129858858366999558" remote="130763419800000000" Dst="-1" />
<file name="negro_transparente.gif" server="serviciosortopedia.com/www/" local="128869236000000000" remote="130763419800000000" Dst="-1" />
<file name="negro_transparente.png" server="serviciosortopedia.com/www/" local="128869236000000000" remote="130763419800000000" Dst="-1" />
<file name="negro_transparente_50.png" server="serviciosortopedia.com/www/" local="128869236000000000" remote="130763419800000000" Dst="-1" />
<file name="scroller-down.gif" server="serviciosortopedia.com/www/" local="129858858366989557" remote="130763419800000000" Dst="-1" />
<file name="scroller-up.gif" server="serviciosortopedia.com/www/" local="129858858366989557" remote="130763419800000000" Dst="-1" />
<file name="Thumbs.db" server="serviciosortopedia.com/www/" local="129019876480000000" remote="130763419800000000" Dst="-1" />
<file name="wait.gif" server="serviciosortopedia.com/www/" local="129858858366979557" remote="130763420400000000" Dst="-1" />
<file name="xls.jpg" server="serviciosortopedia.com/www/" local="129858858366979557" remote="130763420400000000" Dst="-1" />
<file name="bg_body.gif" server="hapconsulting.net/www/" local="129858858367029559" remote="130904305200000000" Dst="-1" />
<file name="bg_button.gif" server="hapconsulting.net/www/" local="129858858367029559" remote="130904305200000000" Dst="-1" />
<file name="bg_button_hover.gif" server="hapconsulting.net/www/" local="129858858367019559" remote="130904305200000000" Dst="-1" />
<file name="bg_wn.gif" server="hapconsulting.net/www/" local="129858858367019559" remote="130904305200000000" Dst="-1" />
<file name="botgencode.jpg" server="hapconsulting.net/www/" local="129858858367009558" remote="130904305200000000" Dst="-1" />
<file name="flecha_calendario.gif" server="hapconsulting.net/www/" local="128869236000000000" remote="130904305200000000" Dst="-1" />
<file name="flecha_calendario_der.gif" server="hapconsulting.net/www/" local="128869236000000000" remote="130904305200000000" Dst="-1" />
<file name="menuarrow.gif" server="hapconsulting.net/www/" local="129858858366999558" remote="130904305200000000" Dst="-1" />
<file name="negro_transparente.gif" server="hapconsulting.net/www/" local="128869236000000000" remote="130904305200000000" Dst="-1" />
<file name="negro_transparente.png" server="hapconsulting.net/www/" local="128869236000000000" remote="130904305200000000" Dst="-1" />
<file name="negro_transparente_50.png" server="hapconsulting.net/www/" local="128869236000000000" remote="130904305200000000" Dst="-1" />
<file name="scroller-down.gif" server="hapconsulting.net/www/" local="129858858366989557" remote="130904305200000000" Dst="-1" />
<file name="scroller-up.gif" server="hapconsulting.net/www/" local="129858858366989557" remote="130904305200000000" Dst="-1" />
<file name="Thumbs.db" server="hapconsulting.net/www/" local="129019876480000000" remote="130904305200000000" Dst="-1" />
<file name="wait.gif" server="hapconsulting.net/www/" local="129858858366979557" remote="130904305200000000" Dst="-1" />
<file name="xls.jpg" server="hapconsulting.net/www/" local="129858858366979557" remote="130904305200000000" Dst="-1" />
<file name="bg_body.gif" server="38-plus.com/www/" local="129858858367029559" remote="131001895800000000" Dst="-1" />
<file name="bg_button.gif" server="38-plus.com/www/" local="129858858367029559" remote="131001895800000000" Dst="-1" />
<file name="bg_button_hover.gif" server="38-plus.com/www/" local="129858858367019559" remote="131001895800000000" Dst="-1" />
<file name="bg_wn.gif" server="38-plus.com/www/" local="129858858367019559" remote="131001895800000000" Dst="-1" />
<file name="botgencode.jpg" server="38-plus.com/www/" local="129858858367009558" remote="131001895800000000" Dst="-1" />
<file name="flecha_calendario.gif" server="38-plus.com/www/" local="128869236000000000" remote="131001895800000000" Dst="-1" />
<file name="flecha_calendario_der.gif" server="38-plus.com/www/" local="128869236000000000" remote="131001895800000000" Dst="-1" />
<file name="menuarrow.gif" server="38-plus.com/www/" local="129858858366999558" remote="131001895800000000" Dst="-1" />
<file name="negro_transparente.gif" server="38-plus.com/www/" local="128869236000000000" remote="131001895800000000" Dst="-1" />
<file name="negro_transparente.png" server="38-plus.com/www/" local="128869236000000000" remote="131001895800000000" Dst="-1" />
<file name="negro_transparente_50.png" server="38-plus.com/www/" local="128869236000000000" remote="131001895800000000" Dst="-1" />
<file name="scroller-down.gif" server="38-plus.com/www/" local="129858858366989557" remote="131001895800000000" Dst="-1" />
<file name="scroller-up.gif" server="38-plus.com/www/" local="129858858366989557" remote="131001895800000000" Dst="-1" />
<file name="Thumbs.db" server="38-plus.com/www/" local="129019876480000000" remote="131001895800000000" Dst="-1" />
<file name="wait.gif" server="38-plus.com/www/" local="129858858366979557" remote="131001895800000000" Dst="-1" />
<file name="xls.jpg" server="38-plus.com/www/" local="129858858366979557" remote="131001895800000000" Dst="-1" />
<file name="bg_body.gif" server="lapetala.com/www/" local="129858858367029559" remote="131323422000000000" Dst="0" />
<file name="bg_button.gif" server="lapetala.com/www/" local="129858858367029559" remote="131323422000000000" Dst="0" />
<file name="bg_button_hover.gif" server="lapetala.com/www/" local="129858858367019559" remote="131323422000000000" Dst="0" />
<file name="bg_wn.gif" server="lapetala.com/www/" local="129858858367019559" remote="131323422000000000" Dst="0" />
<file name="botgencode.jpg" server="lapetala.com/www/" local="129858858367009558" remote="131323422000000000" Dst="0" />
<file name="flecha_calendario.gif" server="lapetala.com/www/" local="128869236000000000" remote="131323422000000000" Dst="0" />
<file name="flecha_calendario_der.gif" server="lapetala.com/www/" local="128869236000000000" remote="131323422000000000" Dst="0" />
<file name="menuarrow.gif" server="lapetala.com/www/" local="129858858366999558" remote="131323422000000000" Dst="0" />
<file name="negro_transparente.gif" server="lapetala.com/www/" local="128869236000000000" remote="131323422000000000" Dst="0" />
<file name="negro_transparente.png" server="lapetala.com/www/" local="128869236000000000" remote="131323422000000000" Dst="0" />
<file name="negro_transparente_50.png" server="lapetala.com/www/" local="128869236000000000" remote="131323422000000000" Dst="0" />
<file name="scroller-down.gif" server="lapetala.com/www/" local="129858858366989557" remote="131323422000000000" Dst="0" />
<file name="scroller-up.gif" server="lapetala.com/www/" local="129858858366989557" remote="131323422000000000" Dst="0" />
<file name="Thumbs.db" server="lapetala.com/www/" local="129019876480000000" remote="131323422000000000" Dst="0" />
<file name="wait.gif" server="lapetala.com/www/" local="129858858366979557" remote="131323422000000000" Dst="0" />
<file name="xls.jpg" server="lapetala.com/www/" local="129858858366979557" remote="131323422000000000" Dst="0" />
<file name="bg_button.gif" server="haptracking.com/www/" local="129858858367029559" remote="131448856200000000" Dst="0" />
<file name="bg_body.gif" server="haptracking.com/www/" local="129858858367029559" remote="131448856200000000" Dst="0" />
<file name="botgencode.jpg" server="haptracking.com/www/" local="129858858367009558" remote="131448856200000000" Dst="0" />
<file name="bg_button_hover.gif" server="haptracking.com/www/" local="129858858367019559" remote="131448856200000000" Dst="0" />
<file name="bg_wn.gif" server="haptracking.com/www/" local="129858858367019559" remote="131448856200000000" Dst="0" />
<file name="flecha_calendario.gif" server="haptracking.com/www/" local="128869236000000000" remote="131448856200000000" Dst="0" />
<file name="flecha_calendario_der.gif" server="haptracking.com/www/" local="128869236000000000" remote="131448856200000000" Dst="0" />
<file name="menuarrow.gif" server="haptracking.com/www/" local="129858858366999558" remote="131448856200000000" Dst="0" />
<file name="negro_transparente.gif" server="haptracking.com/www/" local="128869236000000000" remote="131448856200000000" Dst="0" />
<file name="negro_transparente.png" server="haptracking.com/www/" local="128869236000000000" remote="131448856200000000" Dst="0" />
<file name="negro_transparente_50.png" server="haptracking.com/www/" local="128869236000000000" remote="131448856200000000" Dst="0" />
<file name="Thumbs.db" server="haptracking.com/www/" local="129019876480000000" remote="131448856200000000" Dst="0" />
<file name="scroller-down.gif" server="haptracking.com/www/" local="129858858366989557" remote="131448856200000000" Dst="0" />
<file name="scroller-up.gif" server="haptracking.com/www/" local="129858858366989557" remote="131448856200000000" Dst="0" />
<file name="wait.gif" server="haptracking.com/www/" local="129858858366979557" remote="131448856200000000" Dst="0" />
<file name="xls.jpg" server="haptracking.com/www/" local="129858858366979557" remote="131448856200000000" Dst="0" />
</dwsync>