<?xml version="1.0" encoding="utf-8" ?>
<dwsync>
<file name="date.js" server="serviciosortopedia.com/www/" local="130434372000000000" remote="130763422200000000" Dst="-1" />
<file name="daterangepicker-bs3.css" server="serviciosortopedia.com/www/" local="130434372000000000" remote="130763422200000000" Dst="-1" />
<file name="daterangepicker.css" server="serviciosortopedia.com/www/" local="130434372000000000" remote="130763422200000000" Dst="-1" />
<file name="daterangepicker.js" server="serviciosortopedia.com/www/" local="130434372000000000" remote="130763422200000000" Dst="-1" />
<file name="examples.html" server="serviciosortopedia.com/www/" local="130434372000000000" remote="130763422200000000" Dst="-1" />
<file name="moment.js" server="serviciosortopedia.com/www/" local="130434372000000000" remote="130763422200000000" Dst="-1" />
<file name="moment.min.js" server="serviciosortopedia.com/www/" local="130434372000000000" remote="130763422200000000" Dst="-1" />
<file name="README.md" server="serviciosortopedia.com/www/" local="130434372000000000" remote="130763422200000000" Dst="-1" />
<file name="date.js" server="hapconsulting.net/www/" local="130434372000000000" remote="130904306400000000" Dst="-1" />
<file name="daterangepicker-bs3.css" server="hapconsulting.net/www/" local="130434372000000000" remote="130904306400000000" Dst="-1" />
<file name="daterangepicker.css" server="hapconsulting.net/www/" local="130434372000000000" remote="130904306400000000" Dst="-1" />
<file name="daterangepicker.js" server="hapconsulting.net/www/" local="130434372000000000" remote="130904306400000000" Dst="-1" />
<file name="examples.html" server="hapconsulting.net/www/" local="130434372000000000" remote="130904306400000000" Dst="-1" />
<file name="moment.js" server="hapconsulting.net/www/" local="130434372000000000" remote="130904306400000000" Dst="-1" />
<file name="moment.min.js" server="hapconsulting.net/www/" local="130434372000000000" remote="130904306400000000" Dst="-1" />
<file name="README.md" server="hapconsulting.net/www/" local="130434372000000000" remote="130904306400000000" Dst="-1" />
<file name="date.js" server="38-plus.com/www/" local="130434372000000000" remote="131001896400000000" Dst="-1" />
<file name="daterangepicker-bs3.css" server="38-plus.com/www/" local="130434372000000000" remote="131001896400000000" Dst="-1" />
<file name="daterangepicker.css" server="38-plus.com/www/" local="130434372000000000" remote="131001896400000000" Dst="-1" />
<file name="daterangepicker.js" server="38-plus.com/www/" local="130434372000000000" remote="131001896400000000" Dst="-1" />
<file name="examples.html" server="38-plus.com/www/" local="130434372000000000" remote="131001896400000000" Dst="-1" />
<file name="moment.js" server="38-plus.com/www/" local="130434372000000000" remote="131001896400000000" Dst="-1" />
<file name="moment.min.js" server="38-plus.com/www/" local="130434372000000000" remote="131001897000000000" Dst="-1" />
<file name="README.md" server="38-plus.com/www/" local="130434372000000000" remote="131001897000000000" Dst="-1" />
<file name="daterangepicker-bs3.css" server="lapetala.com/www/" local="130434372000000000" remote="131323422000000000" Dst="0" />
<file name="date.js" server="lapetala.com/www/" local="130434372000000000" remote="131323422000000000" Dst="0" />
<file name="daterangepicker.css" server="lapetala.com/www/" local="130434372000000000" remote="131323422000000000" Dst="0" />
<file name="daterangepicker.js" server="lapetala.com/www/" local="130434372000000000" remote="131323422000000000" Dst="0" />
<file name="examples.html" server="lapetala.com/www/" local="130434372000000000" remote="131323422000000000" Dst="0" />
<file name="moment.js" server="lapetala.com/www/" local="130434372000000000" remote="131323422000000000" Dst="0" />
<file name="moment.min.js" server="lapetala.com/www/" local="130434372000000000" remote="131323422000000000" Dst="0" />
<file name="README.md" server="lapetala.com/www/" local="130434372000000000" remote="131323422000000000" Dst="0" />
<file name="date.js" server="haptracking.com/www/" local="130434372000000000" remote="131448856800000000" Dst="0" />
<file name="daterangepicker-bs3.css" server="haptracking.com/www/" local="130434372000000000" remote="131448856800000000" Dst="0" />
<file name="daterangepicker.css" server="haptracking.com/www/" local="130434372000000000" remote="131448856800000000" Dst="0" />
<file name="moment.js" server="haptracking.com/www/" local="130434372000000000" remote="131448856800000000" Dst="0" />
<file name="examples.html" server="haptracking.com/www/" local="130434372000000000" remote="131448856800000000" Dst="0" />
<file name="daterangepicker.js" server="haptracking.com/www/" local="130434372000000000" remote="131448856800000000" Dst="0" />
<file name="moment.min.js" server="haptracking.com/www/" local="130434372000000000" remote="131448856800000000" Dst="0" />
<file name="README.md" server="haptracking.com/www/" local="130434372000000000" remote="131448856800000000" Dst="0" />
</dwsync>