<?xml version="1.0" encoding="utf-8" ?>
<dwsync>
<file name="bootstrap-fileupload.min.js" server="serviciosortopedia.com/www/" local="130598795860000000" remote="130763423400000000" Dst="-1" />
<file name="bootstrap.js" server="serviciosortopedia.com/www/" local="130434372000000000" remote="130763423400000000" Dst="-1" />
<file name="bootstrap.min.js" server="serviciosortopedia.com/www/" local="130604789180000000" remote="130763423400000000" Dst="-1" />
<file name="dashboard-chart-init.js" server="serviciosortopedia.com/www/" local="130604789180000000" remote="130763430000000000" Dst="-1" />
<file name="dynamic_table_init.js" server="serviciosortopedia.com/www/" local="130434372000000000" remote="130763430600000000" Dst="-1" />
<file name="editable-table.js" server="serviciosortopedia.com/www/" local="130762061759795113" remote="130763430600000000" Dst="-1" />
<file name="external-dragging-calendar.js" server="serviciosortopedia.com/www/" local="130434372000000000" remote="130763430600000000" Dst="-1" />
<file name="flot.chart.init.js" server="serviciosortopedia.com/www/" local="130434372000000000" remote="130763431800000000" Dst="-1" />
<file name="html5shiv.js" server="serviciosortopedia.com/www/" local="130434372000000000" remote="130763432400000000" Dst="-1" />
<file name="icheck-init.js" server="serviciosortopedia.com/www/" local="130604789180000000" remote="130763435400000000" Dst="-1" />
<file name="jquery-1.10.2.min.js" server="serviciosortopedia.com/www/" local="130604789140000000" remote="130763436000000000" Dst="-1" />
<file name="jquery-migrate-1.2.1.min.js" server="serviciosortopedia.com/www/" local="130604789140000000" remote="130763436000000000" Dst="-1" />
<file name="jquery-ui-1.10.3.min.js" server="serviciosortopedia.com/www/" local="130434372000000000" remote="130763436000000000" Dst="-1" />
<file name="jquery-ui-1.9.2.custom.min.js" server="serviciosortopedia.com/www/" local="130604789140000000" remote="130763436000000000" Dst="-1" />
<file name="jquery.cookies.js" server="serviciosortopedia.com/www/" local="130434372000000000" remote="130763436000000000" Dst="-1" />
<file name="jquery.isotope.js" server="serviciosortopedia.com/www/" local="130434372000000000" remote="130763436000000000" Dst="-1" />
<file name="jquery.nicescroll.js" server="serviciosortopedia.com/www/" local="130604789140000000" remote="130763436000000000" Dst="-1" />
<file name="jquery.stepy.js" server="serviciosortopedia.com/www/" local="130434372000000000" remote="130763436000000000" Dst="-1" />
<file name="jquery.validate.min.js" server="serviciosortopedia.com/www/" local="130434372000000000" remote="130763436000000000" Dst="-1" />
<file name="modernizr.min.js" server="serviciosortopedia.com/www/" local="130604789180000000" remote="130763437200000000" Dst="-1" />
<file name="multi-select-init.js" server="serviciosortopedia.com/www/" local="130598795860000000" remote="130763437200000000" Dst="-1" />
<file name="nestable-init.js" server="serviciosortopedia.com/www/" local="130434372000000000" remote="130763437200000000" Dst="-1" />
<file name="pickers-init.js" server="serviciosortopedia.com/www/" local="130434372000000000" remote="130763437200000000" Dst="-1" />
<file name="respond.min.js" server="serviciosortopedia.com/www/" local="130434372000000000" remote="130763437200000000" Dst="-1" />
<file name="scripts.js" server="serviciosortopedia.com/www/" local="130604789180000000" remote="130763437200000000" Dst="-1" />
<file name="spinner-init.js" server="serviciosortopedia.com/www/" local="130598795860000000" remote="130763437800000000" Dst="-1" />
<file name="tagsinput-init.js" server="serviciosortopedia.com/www/" local="130598795860000000" remote="130763437800000000" Dst="-1" />
<file name="tree-init.js" server="serviciosortopedia.com/www/" local="130434372000000000" remote="130763437800000000" Dst="-1" />
<file name="validation-init.js" server="serviciosortopedia.com/www/" local="130434372000000000" remote="130763437800000000" Dst="-1" />
<file name="bootstrap-fileupload.min.js" server="hapconsulting.net/www/" local="130598795860000000" remote="130904307000000000" Dst="-1" />
<file name="bootstrap.js" server="hapconsulting.net/www/" local="130434372000000000" remote="130904307000000000" Dst="-1" />
<file name="bootstrap.min.js" server="hapconsulting.net/www/" local="130604789180000000" remote="130904307000000000" Dst="-1" />
<file name="dashboard-chart-init.js" server="hapconsulting.net/www/" local="130604789180000000" remote="130904310000000000" Dst="-1" />
<file name="dynamic_table_init.js" server="hapconsulting.net/www/" local="130434372000000000" remote="130904310600000000" Dst="-1" />
<file name="editable-table.js" server="hapconsulting.net/www/" local="130762061759795113" remote="130904310600000000" Dst="-1" />
<file name="external-dragging-calendar.js" server="hapconsulting.net/www/" local="130434372000000000" remote="130904310600000000" Dst="-1" />
<file name="flot.chart.init.js" server="hapconsulting.net/www/" local="130434372000000000" remote="130904311200000000" Dst="-1" />
<file name="html5shiv.js" server="hapconsulting.net/www/" local="130434372000000000" remote="130904311800000000" Dst="-1" />
<file name="icheck-init.js" server="hapconsulting.net/www/" local="130604789180000000" remote="130904312400000000" Dst="-1" />
<file name="jquery-1.10.2.min.js" server="hapconsulting.net/www/" local="130604789140000000" remote="130904313000000000" Dst="-1" />
<file name="jquery-migrate-1.2.1.min.js" server="hapconsulting.net/www/" local="130604789140000000" remote="130904313000000000" Dst="-1" />
<file name="jquery-ui-1.10.3.min.js" server="hapconsulting.net/www/" local="130434372000000000" remote="130904313000000000" Dst="-1" />
<file name="jquery-ui-1.9.2.custom.min.js" server="hapconsulting.net/www/" local="130604789140000000" remote="130904313000000000" Dst="-1" />
<file name="jquery.cookies.js" server="hapconsulting.net/www/" local="130434372000000000" remote="130904313000000000" Dst="-1" />
<file name="jquery.isotope.js" server="hapconsulting.net/www/" local="130434372000000000" remote="130904313000000000" Dst="-1" />
<file name="jquery.nicescroll.js" server="hapconsulting.net/www/" local="130604789140000000" remote="130904313000000000" Dst="-1" />
<file name="jquery.stepy.js" server="hapconsulting.net/www/" local="130434372000000000" remote="130904313000000000" Dst="-1" />
<file name="jquery.validate.min.js" server="hapconsulting.net/www/" local="130434372000000000" remote="130904313000000000" Dst="-1" />
<file name="modernizr.min.js" server="hapconsulting.net/www/" local="130604789180000000" remote="130904313600000000" Dst="-1" />
<file name="multi-select-init.js" server="hapconsulting.net/www/" local="130598795860000000" remote="130904313600000000" Dst="-1" />
<file name="nestable-init.js" server="hapconsulting.net/www/" local="130434372000000000" remote="130904313600000000" Dst="-1" />
<file name="pickers-init.js" server="hapconsulting.net/www/" local="130434372000000000" remote="130904313600000000" Dst="-1" />
<file name="respond.min.js" server="hapconsulting.net/www/" local="130434372000000000" remote="130904313600000000" Dst="-1" />
<file name="scripts.js" server="hapconsulting.net/www/" local="130604789180000000" remote="130904313600000000" Dst="-1" />
<file name="spinner-init.js" server="hapconsulting.net/www/" local="130598795860000000" remote="130904314200000000" Dst="-1" />
<file name="tagsinput-init.js" server="hapconsulting.net/www/" local="130598795860000000" remote="130904314200000000" Dst="-1" />
<file name="tree-init.js" server="hapconsulting.net/www/" local="130434372000000000" remote="130904314200000000" Dst="-1" />
<file name="validation-init.js" server="hapconsulting.net/www/" local="130434372000000000" remote="130904314200000000" Dst="-1" />
<file name="bootstrap-fileupload.min.js" server="38-plus.com/www/" local="130598795860000000" remote="131001897000000000" Dst="-1" />
<file name="bootstrap.js" server="38-plus.com/www/" local="130434372000000000" remote="131001897000000000" Dst="-1" />
<file name="bootstrap.min.js" server="38-plus.com/www/" local="130604789180000000" remote="131001897000000000" Dst="-1" />
<file name="dashboard-chart-init.js" server="38-plus.com/www/" local="130604789180000000" remote="131001900000000000" Dst="-1" />
<file name="dynamic_table_init.js" server="38-plus.com/www/" local="130434372000000000" remote="131001900600000000" Dst="-1" />
<file name="editable-table.js" server="38-plus.com/www/" local="130762061759795113" remote="131001900600000000" Dst="-1" />
<file name="external-dragging-calendar.js" server="38-plus.com/www/" local="130434372000000000" remote="131001900600000000" Dst="-1" />
<file name="flot.chart.init.js" server="38-plus.com/www/" local="130434372000000000" remote="131001900600000000" Dst="-1" />
<file name="html5shiv.js" server="38-plus.com/www/" local="130434372000000000" remote="131001901200000000" Dst="-1" />
<file name="icheck-init.js" server="38-plus.com/www/" local="130604789180000000" remote="131001901800000000" Dst="-1" />
<file name="jquery-1.10.2.min.js" server="38-plus.com/www/" local="130604789140000000" remote="131001902400000000" Dst="-1" />
<file name="jquery-migrate-1.2.1.min.js" server="38-plus.com/www/" local="130604789140000000" remote="131001902400000000" Dst="-1" />
<file name="jquery-ui-1.10.3.min.js" server="38-plus.com/www/" local="130434372000000000" remote="131001902400000000" Dst="-1" />
<file name="jquery-ui-1.9.2.custom.min.js" server="38-plus.com/www/" local="130604789140000000" remote="131001902400000000" Dst="-1" />
<file name="jquery.cookies.js" server="38-plus.com/www/" local="130434372000000000" remote="131001902400000000" Dst="-1" />
<file name="jquery.isotope.js" server="38-plus.com/www/" local="130434372000000000" remote="131001902400000000" Dst="-1" />
<file name="jquery.nicescroll.js" server="38-plus.com/www/" local="130604789140000000" remote="131001902400000000" Dst="-1" />
<file name="jquery.stepy.js" server="38-plus.com/www/" local="130434372000000000" remote="131001902400000000" Dst="-1" />
<file name="jquery.validate.min.js" server="38-plus.com/www/" local="130434372000000000" remote="131001902400000000" Dst="-1" />
<file name="modernizr.min.js" server="38-plus.com/www/" local="130604789180000000" remote="131001903000000000" Dst="-1" />
<file name="multi-select-init.js" server="38-plus.com/www/" local="130598795860000000" remote="131001903000000000" Dst="-1" />
<file name="nestable-init.js" server="38-plus.com/www/" local="130434372000000000" remote="131001903000000000" Dst="-1" />
<file name="pickers-init.js" server="38-plus.com/www/" local="130434372000000000" remote="131001903000000000" Dst="-1" />
<file name="respond.min.js" server="38-plus.com/www/" local="130434372000000000" remote="131001903000000000" Dst="-1" />
<file name="scripts.js" server="38-plus.com/www/" local="130604789180000000" remote="131001903000000000" Dst="-1" />
<file name="spinner-init.js" server="38-plus.com/www/" local="130598795860000000" remote="131001903000000000" Dst="-1" />
<file name="tagsinput-init.js" server="38-plus.com/www/" local="130598795860000000" remote="131001903000000000" Dst="-1" />
<file name="tree-init.js" server="38-plus.com/www/" local="130434372000000000" remote="131001903000000000" Dst="-1" />
<file name="validation-init.js" server="38-plus.com/www/" local="130434372000000000" remote="131001903000000000" Dst="-1" />
<file name="bootstrap-fileupload.min.js" server="lapetala.com/www/" local="130598795860000000" remote="131323422600000000" Dst="0" />
<file name="bootstrap.js" server="lapetala.com/www/" local="130434372000000000" remote="131323422600000000" Dst="0" />
<file name="bootstrap.min.js" server="lapetala.com/www/" local="130604789180000000" remote="131323422600000000" Dst="0" />
<file name="dashboard-chart-init.js" server="lapetala.com/www/" local="130604789180000000" remote="131323423800000000" Dst="0" />
<file name="dynamic_table_init.js" server="lapetala.com/www/" local="130434372000000000" remote="131323424400000000" Dst="0" />
<file name="editable-table.js" server="lapetala.com/www/" local="130762061759795113" remote="131323424400000000" Dst="0" />
<file name="external-dragging-calendar.js" server="lapetala.com/www/" local="130434372000000000" remote="131323424400000000" Dst="0" />
<file name="flot.chart.init.js" server="lapetala.com/www/" local="130434372000000000" remote="131323424400000000" Dst="0" />
<file name="html5shiv.js" server="lapetala.com/www/" local="130434372000000000" remote="131323424400000000" Dst="0" />
<file name="icheck-init.js" server="lapetala.com/www/" local="130604789180000000" remote="131323425000000000" Dst="0" />
<file name="jquery-migrate-1.2.1.min.js" server="lapetala.com/www/" local="130604789140000000" remote="131323425000000000" Dst="0" />
<file name="jquery-1.10.2.min.js" server="lapetala.com/www/" local="130604789140000000" remote="131323425000000000" Dst="0" />
<file name="jquery-ui-1.9.2.custom.min.js" server="lapetala.com/www/" local="130604789140000000" remote="131323425000000000" Dst="0" />
<file name="jquery.cookies.js" server="lapetala.com/www/" local="130434372000000000" remote="131323425000000000" Dst="0" />
<file name="jquery-ui-1.10.3.min.js" server="lapetala.com/www/" local="130434372000000000" remote="131323425000000000" Dst="0" />
<file name="jquery.isotope.js" server="lapetala.com/www/" local="130434372000000000" remote="131323425000000000" Dst="0" />
<file name="jquery.stepy.js" server="lapetala.com/www/" local="130434372000000000" remote="131323425000000000" Dst="0" />
<file name="jquery.nicescroll.js" server="lapetala.com/www/" local="130604789140000000" remote="131323425000000000" Dst="0" />
<file name="jquery.validate.min.js" server="lapetala.com/www/" local="130434372000000000" remote="131323425000000000" Dst="0" />
<file name="modernizr.min.js" server="lapetala.com/www/" local="130604789180000000" remote="131323425000000000" Dst="0" />
<file name="multi-select-init.js" server="lapetala.com/www/" local="130598795860000000" remote="131323425000000000" Dst="0" />
<file name="nestable-init.js" server="lapetala.com/www/" local="130434372000000000" remote="131323425000000000" Dst="0" />
<file name="pickers-init.js" server="lapetala.com/www/" local="130434372000000000" remote="131323425000000000" Dst="0" />
<file name="scripts.js" server="lapetala.com/www/" local="130604789180000000" remote="131323425000000000" Dst="0" />
<file name="respond.min.js" server="lapetala.com/www/" local="130434372000000000" remote="131323425000000000" Dst="0" />
<file name="spinner-init.js" server="lapetala.com/www/" local="130598795860000000" remote="131323425000000000" Dst="0" />
<file name="tagsinput-init.js" server="lapetala.com/www/" local="130598795860000000" remote="131323425000000000" Dst="0" />
<file name="tree-init.js" server="lapetala.com/www/" local="130434372000000000" remote="131323425000000000" Dst="0" />
<file name="validation-init.js" server="lapetala.com/www/" local="130434372000000000" remote="131323425000000000" Dst="0" />
<file name="bootstrap-fileupload.min.js" server="haptracking.com/www/" local="130598795860000000" remote="131448856800000000" Dst="0" />
<file name="bootstrap.js" server="haptracking.com/www/" local="130434372000000000" remote="131448857400000000" Dst="0" />
<file name="bootstrap.min.js" server="haptracking.com/www/" local="130604789180000000" remote="131448857400000000" Dst="0" />
<file name="dashboard-chart-init.js" server="haptracking.com/www/" local="130604789180000000" remote="131448858600000000" Dst="0" />
<file name="dynamic_table_init.js" server="haptracking.com/www/" local="130434372000000000" remote="131448858600000000" Dst="0" />
<file name="editable-table.js" server="haptracking.com/www/" local="130762061759795113" remote="131448858600000000" Dst="0" />
<file name="external-dragging-calendar.js" server="haptracking.com/www/" local="130434372000000000" remote="131448858600000000" Dst="0" />
<file name="flot.chart.init.js" server="haptracking.com/www/" local="130434372000000000" remote="131448859200000000" Dst="0" />
<file name="html5shiv.js" server="haptracking.com/www/" local="130434372000000000" remote="131448859200000000" Dst="0" />
<file name="icheck-init.js" server="haptracking.com/www/" local="130604789180000000" remote="131448859800000000" Dst="0" />
<file name="jquery-migrate-1.2.1.min.js" server="haptracking.com/www/" local="130604789140000000" remote="131448859800000000" Dst="0" />
<file name="jquery-1.10.2.min.js" server="haptracking.com/www/" local="130604789140000000" remote="131448859800000000" Dst="0" />
<file name="jquery.cookies.js" server="haptracking.com/www/" local="130434372000000000" remote="131448859800000000" Dst="0" />
<file name="jquery-ui-1.9.2.custom.min.js" server="haptracking.com/www/" local="130604789140000000" remote="131448859800000000" Dst="0" />
<file name="jquery-ui-1.10.3.min.js" server="haptracking.com/www/" local="130434372000000000" remote="131448859800000000" Dst="0" />
<file name="jquery.isotope.js" server="haptracking.com/www/" local="130434372000000000" remote="131448859800000000" Dst="0" />
<file name="jquery.nicescroll.js" server="haptracking.com/www/" local="130604789140000000" remote="131448859800000000" Dst="0" />
<file name="jquery.stepy.js" server="haptracking.com/www/" local="130434372000000000" remote="131448859800000000" Dst="0" />
<file name="jquery.validate.min.js" server="haptracking.com/www/" local="130434372000000000" remote="131448859800000000" Dst="0" />
<file name="modernizr.min.js" server="haptracking.com/www/" local="130604789180000000" remote="131448859800000000" Dst="0" />
<file name="multi-select-init.js" server="haptracking.com/www/" local="130598795860000000" remote="131448859800000000" Dst="0" />
<file name="nestable-init.js" server="haptracking.com/www/" local="130434372000000000" remote="131448859800000000" Dst="0" />
<file name="pickers-init.js" server="haptracking.com/www/" local="130434372000000000" remote="131448859800000000" Dst="0" />
<file name="scripts.js" server="haptracking.com/www/" local="130604789180000000" remote="131448859800000000" Dst="0" />
<file name="respond.min.js" server="haptracking.com/www/" local="130434372000000000" remote="131448859800000000" Dst="0" />
<file name="spinner-init.js" server="haptracking.com/www/" local="130598795860000000" remote="131448859800000000" Dst="0" />
<file name="tree-init.js" server="haptracking.com/www/" local="130434372000000000" remote="131448859800000000" Dst="0" />
<file name="tagsinput-init.js" server="haptracking.com/www/" local="130598795860000000" remote="131448859800000000" Dst="0" />
<file name="validation-init.js" server="haptracking.com/www/" local="130434372000000000" remote="131448859800000000" Dst="0" />
</dwsync>