<?xml version="1.0" encoding="utf-8" ?>
<dwsync>
<file name="font-awesome.scss" server="serviciosortopedia.com/www/" local="130434372000000000" remote="130763418600000000" Dst="-1" />
<file name="_bordered-pulled.scss" server="serviciosortopedia.com/www/" local="130434372000000000" remote="130763418600000000" Dst="-1" />
<file name="_core.scss" server="serviciosortopedia.com/www/" local="130434372000000000" remote="130763418600000000" Dst="-1" />
<file name="_fixed-width.scss" server="serviciosortopedia.com/www/" local="130434372000000000" remote="130763418600000000" Dst="-1" />
<file name="_icons.scss" server="serviciosortopedia.com/www/" local="130434372000000000" remote="130763418600000000" Dst="-1" />
<file name="_larger.scss" server="serviciosortopedia.com/www/" local="130434372000000000" remote="130763418600000000" Dst="-1" />
<file name="_list.scss" server="serviciosortopedia.com/www/" local="130434372000000000" remote="130763418600000000" Dst="-1" />
<file name="_mixins.scss" server="serviciosortopedia.com/www/" local="130434372000000000" remote="130763418600000000" Dst="-1" />
<file name="_path.scss" server="serviciosortopedia.com/www/" local="130434372000000000" remote="130763418600000000" Dst="-1" />
<file name="_rotated-flipped.scss" server="serviciosortopedia.com/www/" local="130434372000000000" remote="130763418600000000" Dst="-1" />
<file name="_spinning.scss" server="serviciosortopedia.com/www/" local="130434372000000000" remote="130763418600000000" Dst="-1" />
<file name="_stacked.scss" server="serviciosortopedia.com/www/" local="130434372000000000" remote="130763418600000000" Dst="-1" />
<file name="_variables.scss" server="serviciosortopedia.com/www/" local="130434372000000000" remote="130763418600000000" Dst="-1" />
<file name="font-awesome.scss" server="hapconsulting.net/www/" local="130434372000000000" remote="130904304600000000" Dst="-1" />
<file name="_bordered-pulled.scss" server="hapconsulting.net/www/" local="130434372000000000" remote="130904304600000000" Dst="-1" />
<file name="_core.scss" server="hapconsulting.net/www/" local="130434372000000000" remote="130904304600000000" Dst="-1" />
<file name="_fixed-width.scss" server="hapconsulting.net/www/" local="130434372000000000" remote="130904304600000000" Dst="-1" />
<file name="_icons.scss" server="hapconsulting.net/www/" local="130434372000000000" remote="130904304600000000" Dst="-1" />
<file name="_larger.scss" server="hapconsulting.net/www/" local="130434372000000000" remote="130904304600000000" Dst="-1" />
<file name="_list.scss" server="hapconsulting.net/www/" local="130434372000000000" remote="130904304600000000" Dst="-1" />
<file name="_mixins.scss" server="hapconsulting.net/www/" local="130434372000000000" remote="130904304600000000" Dst="-1" />
<file name="_path.scss" server="hapconsulting.net/www/" local="130434372000000000" remote="130904304600000000" Dst="-1" />
<file name="_rotated-flipped.scss" server="hapconsulting.net/www/" local="130434372000000000" remote="130904304600000000" Dst="-1" />
<file name="_spinning.scss" server="hapconsulting.net/www/" local="130434372000000000" remote="130904304600000000" Dst="-1" />
<file name="_stacked.scss" server="hapconsulting.net/www/" local="130434372000000000" remote="130904304600000000" Dst="-1" />
<file name="_variables.scss" server="hapconsulting.net/www/" local="130434372000000000" remote="130904304600000000" Dst="-1" />
<file name="font-awesome.scss" server="38-plus.com/www/" local="130434372000000000" remote="131001895200000000" Dst="-1" />
<file name="_bordered-pulled.scss" server="38-plus.com/www/" local="130434372000000000" remote="131001895200000000" Dst="-1" />
<file name="_core.scss" server="38-plus.com/www/" local="130434372000000000" remote="131001895200000000" Dst="-1" />
<file name="_fixed-width.scss" server="38-plus.com/www/" local="130434372000000000" remote="131001895200000000" Dst="-1" />
<file name="_icons.scss" server="38-plus.com/www/" local="130434372000000000" remote="131001895200000000" Dst="-1" />
<file name="_larger.scss" server="38-plus.com/www/" local="130434372000000000" remote="131001895200000000" Dst="-1" />
<file name="_list.scss" server="38-plus.com/www/" local="130434372000000000" remote="131001895200000000" Dst="-1" />
<file name="_mixins.scss" server="38-plus.com/www/" local="130434372000000000" remote="131001895200000000" Dst="-1" />
<file name="_path.scss" server="38-plus.com/www/" local="130434372000000000" remote="131001895200000000" Dst="-1" />
<file name="_rotated-flipped.scss" server="38-plus.com/www/" local="130434372000000000" remote="131001895200000000" Dst="-1" />
<file name="_spinning.scss" server="38-plus.com/www/" local="130434372000000000" remote="131001895200000000" Dst="-1" />
<file name="_stacked.scss" server="38-plus.com/www/" local="130434372000000000" remote="131001895200000000" Dst="-1" />
<file name="_variables.scss" server="38-plus.com/www/" local="130434372000000000" remote="131001895200000000" Dst="-1" />
<file name="font-awesome.scss" server="lapetala.com/www/" local="130434372000000000" remote="131323421400000000" Dst="0" />
<file name="_bordered-pulled.scss" server="lapetala.com/www/" local="130434372000000000" remote="131323421400000000" Dst="0" />
<file name="_core.scss" server="lapetala.com/www/" local="130434372000000000" remote="131323421400000000" Dst="0" />
<file name="_fixed-width.scss" server="lapetala.com/www/" local="130434372000000000" remote="131323421400000000" Dst="0" />
<file name="_icons.scss" server="lapetala.com/www/" local="130434372000000000" remote="131323421400000000" Dst="0" />
<file name="_larger.scss" server="lapetala.com/www/" local="130434372000000000" remote="131323421400000000" Dst="0" />
<file name="_list.scss" server="lapetala.com/www/" local="130434372000000000" remote="131323421400000000" Dst="0" />
<file name="_mixins.scss" server="lapetala.com/www/" local="130434372000000000" remote="131323421400000000" Dst="0" />
<file name="_path.scss" server="lapetala.com/www/" local="130434372000000000" remote="131323421400000000" Dst="0" />
<file name="_rotated-flipped.scss" server="lapetala.com/www/" local="130434372000000000" remote="131323421400000000" Dst="0" />
<file name="_spinning.scss" server="lapetala.com/www/" local="130434372000000000" remote="131323421400000000" Dst="0" />
<file name="_stacked.scss" server="lapetala.com/www/" local="130434372000000000" remote="131323421400000000" Dst="0" />
<file name="_variables.scss" server="lapetala.com/www/" local="130434372000000000" remote="131323421400000000" Dst="0" />
<file name="font-awesome.scss" server="haptracking.com/www/" local="130434372000000000" remote="131448856200000000" Dst="0" />
<file name="_bordered-pulled.scss" server="haptracking.com/www/" local="130434372000000000" remote="131448856200000000" Dst="0" />
<file name="_core.scss" server="haptracking.com/www/" local="130434372000000000" remote="131448856200000000" Dst="0" />
<file name="_fixed-width.scss" server="haptracking.com/www/" local="130434372000000000" remote="131448856200000000" Dst="0" />
<file name="_icons.scss" server="haptracking.com/www/" local="130434372000000000" remote="131448856200000000" Dst="0" />
<file name="_larger.scss" server="haptracking.com/www/" local="130434372000000000" remote="131448856200000000" Dst="0" />
<file name="_list.scss" server="haptracking.com/www/" local="130434372000000000" remote="131448856200000000" Dst="0" />
<file name="_mixins.scss" server="haptracking.com/www/" local="130434372000000000" remote="131448856200000000" Dst="0" />
<file name="_path.scss" server="haptracking.com/www/" local="130434372000000000" remote="131448856200000000" Dst="0" />
<file name="_rotated-flipped.scss" server="haptracking.com/www/" local="130434372000000000" remote="131448856200000000" Dst="0" />
<file name="_variables.scss" server="haptracking.com/www/" local="130434372000000000" remote="131448856200000000" Dst="0" />
<file name="_spinning.scss" server="haptracking.com/www/" local="130434372000000000" remote="131448856200000000" Dst="0" />
<file name="_stacked.scss" server="haptracking.com/www/" local="130434372000000000" remote="131448856200000000" Dst="0" />
</dwsync>