<?xml version="1.0" encoding="utf-8" ?>
<dwsync>
<file name="bootstrap-inputmask.js" server="serviciosortopedia.com/www/" local="130434372000000000" remote="130763423400000000" Dst="-1" />
<file name="bootstrap-inputmask.min.js" server="serviciosortopedia.com/www/" local="130598795860000000" remote="130763423400000000" Dst="-1" />
<file name="bootstrap-inputmask.js" server="hapconsulting.net/www/" local="130434372000000000" remote="130904307000000000" Dst="-1" />
<file name="bootstrap-inputmask.min.js" server="hapconsulting.net/www/" local="130598795860000000" remote="130904307000000000" Dst="-1" />
<file name="bootstrap-inputmask.js" server="38-plus.com/www/" local="130434372000000000" remote="131001897000000000" Dst="-1" />
<file name="bootstrap-inputmask.min.js" server="38-plus.com/www/" local="130598795860000000" remote="131001897000000000" Dst="-1" />
<file name="bootstrap-inputmask.js" server="lapetala.com/www/" local="130434372000000000" remote="131323422600000000" Dst="0" />
<file name="bootstrap-inputmask.min.js" server="lapetala.com/www/" local="130598795860000000" remote="131323422600000000" Dst="0" />
<file name="bootstrap-inputmask.js" server="haptracking.com/www/" local="130434372000000000" remote="131448856800000000" Dst="0" />
<file name="bootstrap-inputmask.min.js" server="haptracking.com/www/" local="130598795860000000" remote="131448856800000000" Dst="0" />
</dwsync>