<?xml version="1.0" encoding="utf-8" ?>
<dwsync>
<file name="bg_body.gif" server="hap-intranet.com/www/notiseg/" local="128489940000000000" remote="128852767200000000" Dst="-1" />
<file name="bg_button.gif" server="hap-intranet.com/www/notiseg/" local="128489940000000000" remote="128852767200000000" Dst="-1" />
<file name="bg_button_hover.gif" server="hap-intranet.com/www/notiseg/" local="128489940000000000" remote="128852767200000000" Dst="-1" />
<file name="bg_wn.gif" server="hap-intranet.com/www/notiseg/" local="128489940000000000" remote="128852767200000000" Dst="-1" />
<file name="flecha_calendario.gif" server="hap-intranet.com/www/notiseg/" local="128681291460000000" remote="128852767200000000" Dst="-1" />
<file name="flecha_calendario_der.gif" server="hap-intranet.com/www/notiseg/" local="128681292240000000" remote="128852767200000000" Dst="-1" />
<file name="menuarrow.gif" server="hap-intranet.com/www/notiseg/" local="128489940000000000" remote="128852767200000000" Dst="-1" />
<file name="negro_transparente.gif" server="hap-intranet.com/www/notiseg/" local="128657005960000000" remote="128852767200000000" Dst="-1" />
<file name="negro_transparente.png" server="hap-intranet.com/www/notiseg/" local="128681218740000000" remote="128852767200000000" Dst="-1" />
<file name="negro_transparente_50.png" server="hap-intranet.com/www/notiseg/" local="128681219000000000" remote="128852767200000000" Dst="-1" />
<file name="scroller-down.gif" server="hap-intranet.com/www/notiseg/" local="128489940000000000" remote="128852767200000000" Dst="-1" />
<file name="scroller-up.gif" server="hap-intranet.com/www/notiseg/" local="128489940000000000" remote="128852767200000000" Dst="-1" />
<file name="bg_body.gif" server="hapconsulting.net/www/" local="128869236000000000" remote="130904304600000000" Dst="-1" />
<file name="bg_button.gif" server="hapconsulting.net/www/" local="128869236000000000" remote="130904304600000000" Dst="-1" />
<file name="bg_button_hover.gif" server="hapconsulting.net/www/" local="128869236000000000" remote="130904304600000000" Dst="-1" />
<file name="bg_wn.gif" server="hapconsulting.net/www/" local="128869236000000000" remote="130904304600000000" Dst="-1" />
<file name="flecha_calendario.gif" server="hapconsulting.net/www/" local="128869236000000000" remote="130904305200000000" Dst="-1" />
<file name="flecha_calendario_der.gif" server="hapconsulting.net/www/" local="128869236000000000" remote="130904305200000000" Dst="-1" />
<file name="menuarrow.gif" server="hapconsulting.net/www/" local="128869236000000000" remote="130904305200000000" Dst="-1" />
<file name="negro_transparente.gif" server="hapconsulting.net/www/" local="128869236000000000" remote="130904305200000000" Dst="-1" />
<file name="negro_transparente.png" server="hapconsulting.net/www/" local="128869236000000000" remote="130904305200000000" Dst="-1" />
<file name="negro_transparente_50.png" server="hapconsulting.net/www/" local="128869236000000000" remote="130904305200000000" Dst="-1" />
<file name="scroller-down.gif" server="hapconsulting.net/www/" local="128869236000000000" remote="130904305200000000" Dst="-1" />
<file name="scroller-up.gif" server="hapconsulting.net/www/" local="128869236000000000" remote="130904305200000000" Dst="-1" />
<file name="botgencode.jpg" server="hapconsulting.net/www/" local="128981556000000000" remote="130904305200000000" Dst="-1" />
<file name="wait.gif" server="hapconsulting.net/www/" local="129019572000000000" remote="130904305200000000" Dst="-1" />
<file name="xls.jpg" server="hapconsulting.net/www/" local="129101652000000000" remote="130904305200000000" Dst="-1" />
<file name="404-error.png" server="serviciosortopedia.com/www/" local="130604789560000000" remote="130763418600000000" Dst="-1" />
<file name="500-error.png" server="serviciosortopedia.com/www/" local="130604789560000000" remote="130763418600000000" Dst="-1" />
<file name="alert.png" server="serviciosortopedia.com/www/" local="130604789560000000" remote="130763419200000000" Dst="-1" />
<file name="avatar-mini.jpg" server="serviciosortopedia.com/www/" local="130604789560000000" remote="130763419200000000" Dst="-1" />
<file name="bg_body.gif" server="serviciosortopedia.com/www/" local="128869236000000000" remote="130763419200000000" Dst="-1" />
<file name="bg_button.gif" server="serviciosortopedia.com/www/" local="128869236000000000" remote="130763419200000000" Dst="-1" />
<file name="bg_button_hover.gif" server="serviciosortopedia.com/www/" local="128869236000000000" remote="130763419200000000" Dst="-1" />
<file name="bg_wn.gif" server="serviciosortopedia.com/www/" local="128869236000000000" remote="130763419200000000" Dst="-1" />
<file name="botgencode.jpg" server="serviciosortopedia.com/www/" local="128981556000000000" remote="130763419200000000" Dst="-1" />
<file name="details_close.png" server="serviciosortopedia.com/www/" local="130604789560000000" remote="130763419200000000" Dst="-1" />
<file name="details_open.png" server="serviciosortopedia.com/www/" local="130604789560000000" remote="130763419200000000" Dst="-1" />
<file name="error.png" server="serviciosortopedia.com/www/" local="130604789560000000" remote="130763419200000000" Dst="-1" />
<file name="flecha_calendario.gif" server="serviciosortopedia.com/www/" local="128869236000000000" remote="130763419200000000" Dst="-1" />
<file name="flecha_calendario_der.gif" server="serviciosortopedia.com/www/" local="128869236000000000" remote="130763419200000000" Dst="-1" />
<file name="graph.jpg" server="serviciosortopedia.com/www/" local="130604789560000000" remote="130763419200000000" Dst="-1" />
<file name="input-spinner.gif" server="serviciosortopedia.com/www/" local="130604789560000000" remote="130763419200000000" Dst="-1" />
<file name="invoice-logo.jpg" server="serviciosortopedia.com/www/" local="130608361560000000" remote="130763419200000000" Dst="-1" />
<file name="lockscreen-bg.jpg" server="serviciosortopedia.com/www/" local="130608365720000000" remote="130763419200000000" Dst="-1" />
<file name="login-bg.jpg" server="serviciosortopedia.com/www/" local="130608365240000000" remote="130763419800000000" Dst="-1" />
<file name="login-logo.png" server="serviciosortopedia.com/www/" local="130608364640000000" remote="130763419800000000" Dst="-1" />
<file name="logo.png" server="serviciosortopedia.com/www/" local="130608348500000000" remote="130763419800000000" Dst="-1" />
<file name="logo_icon.png" server="serviciosortopedia.com/www/" local="130608358180000000" remote="130763419800000000" Dst="-1" />
<file name="menuarrow.gif" server="serviciosortopedia.com/www/" local="128869236000000000" remote="130763419800000000" Dst="-1" />
<file name="minus.png" server="serviciosortopedia.com/www/" local="130604789560000000" remote="130763419800000000" Dst="-1" />
<file name="negro_transparente.gif" server="serviciosortopedia.com/www/" local="128869236000000000" remote="130763419800000000" Dst="-1" />
<file name="negro_transparente.png" server="serviciosortopedia.com/www/" local="128869236000000000" remote="130763419800000000" Dst="-1" />
<file name="negro_transparente_50.png" server="serviciosortopedia.com/www/" local="128869236000000000" remote="130763419800000000" Dst="-1" />
<file name="plus-white.png" server="serviciosortopedia.com/www/" local="130604789560000000" remote="130763419800000000" Dst="-1" />
<file name="plus.png" server="serviciosortopedia.com/www/" local="130604789560000000" remote="130763419800000000" Dst="-1" />
<file name="scroller-down.gif" server="serviciosortopedia.com/www/" local="128869236000000000" remote="130763419800000000" Dst="-1" />
<file name="scroller-up.gif" server="serviciosortopedia.com/www/" local="128869236000000000" remote="130763419800000000" Dst="-1" />
<file name="wait.gif" server="serviciosortopedia.com/www/" local="129019572000000000" remote="130763419800000000" Dst="-1" />
<file name="xls.jpg" server="serviciosortopedia.com/www/" local="129101652000000000" remote="130763419800000000" Dst="-1" />
<file name="404-error.png" server="hapconsulting.net/www/" local="130604789560000000" remote="130904304600000000" Dst="-1" />
<file name="500-error.png" server="hapconsulting.net/www/" local="130604789560000000" remote="130904304600000000" Dst="-1" />
<file name="alert.png" server="hapconsulting.net/www/" local="130604789560000000" remote="130904304600000000" Dst="-1" />
<file name="avatar-mini.jpg" server="hapconsulting.net/www/" local="130604789560000000" remote="130904304600000000" Dst="-1" />
<file name="details_close.png" server="hapconsulting.net/www/" local="130604789560000000" remote="130904305200000000" Dst="-1" />
<file name="details_open.png" server="hapconsulting.net/www/" local="130604789560000000" remote="130904305200000000" Dst="-1" />
<file name="error.png" server="hapconsulting.net/www/" local="130604789560000000" remote="130904305200000000" Dst="-1" />
<file name="graph.jpg" server="hapconsulting.net/www/" local="130604789560000000" remote="130904305200000000" Dst="-1" />
<file name="input-spinner.gif" server="hapconsulting.net/www/" local="130604789560000000" remote="130904305200000000" Dst="-1" />
<file name="invoice-logo.jpg" server="hapconsulting.net/www/" local="130608361560000000" remote="130904305200000000" Dst="-1" />
<file name="lockscreen-bg.jpg" server="hapconsulting.net/www/" local="130608365720000000" remote="130904305200000000" Dst="-1" />
<file name="login-bg.jpg" server="hapconsulting.net/www/" local="130608365240000000" remote="130904305200000000" Dst="-1" />
<file name="login-logo.png" server="hapconsulting.net/www/" local="130608364640000000" remote="130904305200000000" Dst="-1" />
<file name="logo.png" server="hapconsulting.net/www/" local="130608348500000000" remote="130904305200000000" Dst="-1" />
<file name="logo_icon.png" server="hapconsulting.net/www/" local="130608358180000000" remote="130904305200000000" Dst="-1" />
<file name="minus.png" server="hapconsulting.net/www/" local="130604789560000000" remote="130904305200000000" Dst="-1" />
<file name="plus-white.png" server="hapconsulting.net/www/" local="130604789560000000" remote="130904305200000000" Dst="-1" />
<file name="plus.png" server="hapconsulting.net/www/" local="130604789560000000" remote="130904305200000000" Dst="-1" />
<file name="404-error.png" server="38-plus.com/www/" local="130604789560000000" remote="131001895200000000" Dst="-1" />
<file name="500-error.png" server="38-plus.com/www/" local="130604789560000000" remote="131001895200000000" Dst="-1" />
<file name="alert.png" server="38-plus.com/www/" local="130604789560000000" remote="131001895200000000" Dst="-1" />
<file name="avatar-mini.jpg" server="38-plus.com/www/" local="130604789560000000" remote="131001895200000000" Dst="-1" />
<file name="bg_body.gif" server="38-plus.com/www/" local="128869236000000000" remote="131001895200000000" Dst="-1" />
<file name="bg_button.gif" server="38-plus.com/www/" local="128869236000000000" remote="131001895200000000" Dst="-1" />
<file name="bg_button_hover.gif" server="38-plus.com/www/" local="128869236000000000" remote="131001895200000000" Dst="-1" />
<file name="bg_wn.gif" server="38-plus.com/www/" local="128869236000000000" remote="131001895200000000" Dst="-1" />
<file name="botgencode.jpg" server="38-plus.com/www/" local="128981556000000000" remote="131001895200000000" Dst="-1" />
<file name="details_close.png" server="38-plus.com/www/" local="130604789560000000" remote="131001895200000000" Dst="-1" />
<file name="details_open.png" server="38-plus.com/www/" local="130604789560000000" remote="131001895200000000" Dst="-1" />
<file name="error.png" server="38-plus.com/www/" local="130604789560000000" remote="131001895200000000" Dst="-1" />
<file name="flecha_calendario.gif" server="38-plus.com/www/" local="128869236000000000" remote="131001895200000000" Dst="-1" />
<file name="flecha_calendario_der.gif" server="38-plus.com/www/" local="128869236000000000" remote="131001895200000000" Dst="-1" />
<file name="graph.jpg" server="38-plus.com/www/" local="130604789560000000" remote="131001895800000000" Dst="-1" />
<file name="input-spinner.gif" server="38-plus.com/www/" local="130604789560000000" remote="131001895800000000" Dst="-1" />
<file name="invoice-logo.jpg" server="38-plus.com/www/" local="130608361560000000" remote="131001895800000000" Dst="-1" />
<file name="lockscreen-bg.jpg" server="38-plus.com/www/" local="130608365720000000" remote="131001895800000000" Dst="-1" />
<file name="login-bg.jpg" server="38-plus.com/www/" local="130608365240000000" remote="131001895800000000" Dst="-1" />
<file name="login-logo.png" server="38-plus.com/www/" local="130608364640000000" remote="131001895800000000" Dst="-1" />
<file name="logo.png" server="38-plus.com/www/" local="130608348500000000" remote="131001895800000000" Dst="-1" />
<file name="logo_icon.png" server="38-plus.com/www/" local="130608358180000000" remote="131001895800000000" Dst="-1" />
<file name="menuarrow.gif" server="38-plus.com/www/" local="128869236000000000" remote="131001895800000000" Dst="-1" />
<file name="minus.png" server="38-plus.com/www/" local="130604789560000000" remote="131001895800000000" Dst="-1" />
<file name="negro_transparente.gif" server="38-plus.com/www/" local="128869236000000000" remote="131001895800000000" Dst="-1" />
<file name="negro_transparente.png" server="38-plus.com/www/" local="128869236000000000" remote="131001895800000000" Dst="-1" />
<file name="negro_transparente_50.png" server="38-plus.com/www/" local="128869236000000000" remote="131001895800000000" Dst="-1" />
<file name="plus-white.png" server="38-plus.com/www/" local="130604789560000000" remote="131001895800000000" Dst="-1" />
<file name="plus.png" server="38-plus.com/www/" local="130604789560000000" remote="131001895800000000" Dst="-1" />
<file name="scroller-down.gif" server="38-plus.com/www/" local="128869236000000000" remote="131001895800000000" Dst="-1" />
<file name="scroller-up.gif" server="38-plus.com/www/" local="128869236000000000" remote="131001895800000000" Dst="-1" />
<file name="wait.gif" server="38-plus.com/www/" local="129019572000000000" remote="131001895800000000" Dst="-1" />
<file name="xls.jpg" server="38-plus.com/www/" local="129101652000000000" remote="131001895800000000" Dst="-1" />
<file name="404-error.png" server="lapetala.com/www/" local="130604789560000000" remote="131323421400000000" Dst="0" />
<file name="avatar-mini.jpg" server="lapetala.com/www/" local="130604789560000000" remote="131323422000000000" Dst="0" />
<file name="500-error.png" server="lapetala.com/www/" local="130604789560000000" remote="131323422000000000" Dst="0" />
<file name="alert.png" server="lapetala.com/www/" local="130604789560000000" remote="131323422000000000" Dst="0" />
<file name="bg_button.gif" server="lapetala.com/www/" local="128869236000000000" remote="131323422000000000" Dst="0" />
<file name="bg_body.gif" server="lapetala.com/www/" local="128869236000000000" remote="131323422000000000" Dst="0" />
<file name="bg_button_hover.gif" server="lapetala.com/www/" local="128869236000000000" remote="131323422000000000" Dst="0" />
<file name="bg_wn.gif" server="lapetala.com/www/" local="128869236000000000" remote="131323422000000000" Dst="0" />
<file name="botgencode.jpg" server="lapetala.com/www/" local="128981556000000000" remote="131323422000000000" Dst="0" />
<file name="details_close.png" server="lapetala.com/www/" local="130604789560000000" remote="131323422000000000" Dst="0" />
<file name="details_open.png" server="lapetala.com/www/" local="130604789560000000" remote="131323422000000000" Dst="0" />
<file name="error.png" server="lapetala.com/www/" local="130604789560000000" remote="131323422000000000" Dst="0" />
<file name="flecha_calendario.gif" server="lapetala.com/www/" local="128869236000000000" remote="131323422000000000" Dst="0" />
<file name="flecha_calendario_der.gif" server="lapetala.com/www/" local="128869236000000000" remote="131323422000000000" Dst="0" />
<file name="graph.jpg" server="lapetala.com/www/" local="130604789560000000" remote="131323422000000000" Dst="0" />
<file name="input-spinner.gif" server="lapetala.com/www/" local="130604789560000000" remote="131323422000000000" Dst="0" />
<file name="invoice-logo.jpg" server="lapetala.com/www/" local="130608361560000000" remote="131323422000000000" Dst="0" />
<file name="lockscreen-bg.jpg" server="lapetala.com/www/" local="130608365720000000" remote="131323422000000000" Dst="0" />
<file name="login-bg.jpg" server="lapetala.com/www/" local="130608365240000000" remote="131323422000000000" Dst="0" />
<file name="login-logo.png" server="lapetala.com/www/" local="130608364640000000" remote="131323422000000000" Dst="0" />
<file name="logo.png" server="lapetala.com/www/" local="130608348500000000" remote="131323422000000000" Dst="0" />
<file name="logo_icon.png" server="lapetala.com/www/" local="130608358180000000" remote="131323422000000000" Dst="0" />
<file name="menuarrow.gif" server="lapetala.com/www/" local="128869236000000000" remote="131323422000000000" Dst="0" />
<file name="minus.png" server="lapetala.com/www/" local="130604789560000000" remote="131323422000000000" Dst="0" />
<file name="negro_transparente.gif" server="lapetala.com/www/" local="128869236000000000" remote="131323422000000000" Dst="0" />
<file name="negro_transparente.png" server="lapetala.com/www/" local="128869236000000000" remote="131323422000000000" Dst="0" />
<file name="negro_transparente_50.png" server="lapetala.com/www/" local="128869236000000000" remote="131323422000000000" Dst="0" />
<file name="plus-white.png" server="lapetala.com/www/" local="130604789560000000" remote="131323422000000000" Dst="0" />
<file name="plus.png" server="lapetala.com/www/" local="130604789560000000" remote="131323422000000000" Dst="0" />
<file name="scroller-down.gif" server="lapetala.com/www/" local="128869236000000000" remote="131323422000000000" Dst="0" />
<file name="xls.jpg" server="lapetala.com/www/" local="129101652000000000" remote="131323422000000000" Dst="0" />
<file name="scroller-up.gif" server="lapetala.com/www/" local="128869236000000000" remote="131323422000000000" Dst="0" />
<file name="wait.gif" server="lapetala.com/www/" local="129019572000000000" remote="131323422000000000" Dst="0" />
<file name="logopet.png" server="lapetala.com/www/" local="131302052065121610" remote="131324446800000000" Dst="0" />
<file name="404-error.png" server="haptracking.com/www/" local="130604789560000000" remote="131448856200000000" Dst="0" />
<file name="500-error.png" server="haptracking.com/www/" local="130604789560000000" remote="131448856200000000" Dst="0" />
<file name="avatar-mini.jpg" server="haptracking.com/www/" local="130604789560000000" remote="131448856200000000" Dst="0" />
<file name="alert.png" server="haptracking.com/www/" local="130604789560000000" remote="131448856200000000" Dst="0" />
<file name="bg_body.gif" server="haptracking.com/www/" local="128869236000000000" remote="131448856200000000" Dst="0" />
<file name="bg_wn.gif" server="haptracking.com/www/" local="128869236000000000" remote="131448856200000000" Dst="0" />
<file name="bg_button.gif" server="haptracking.com/www/" local="128869236000000000" remote="131448856200000000" Dst="0" />
<file name="bg_button_hover.gif" server="haptracking.com/www/" local="128869236000000000" remote="131448856200000000" Dst="0" />
<file name="botgencode.jpg" server="haptracking.com/www/" local="128981556000000000" remote="131448856200000000" Dst="0" />
<file name="details_close.png" server="haptracking.com/www/" local="130604789560000000" remote="131448856200000000" Dst="0" />
<file name="details_open.png" server="haptracking.com/www/" local="130604789560000000" remote="131448856200000000" Dst="0" />
<file name="error.png" server="haptracking.com/www/" local="130604789560000000" remote="131448856200000000" Dst="0" />
<file name="flecha_calendario.gif" server="haptracking.com/www/" local="128869236000000000" remote="131448856200000000" Dst="0" />
<file name="flecha_calendario_der.gif" server="haptracking.com/www/" local="128869236000000000" remote="131448856200000000" Dst="0" />
<file name="graph.jpg" server="haptracking.com/www/" local="130604789560000000" remote="131448856200000000" Dst="0" />
<file name="input-spinner.gif" server="haptracking.com/www/" local="130604789560000000" remote="131448856200000000" Dst="0" />
<file name="lockscreen-bg.jpg" server="haptracking.com/www/" local="130608365720000000" remote="131448856200000000" Dst="0" />
<file name="invoice-logo.jpg" server="haptracking.com/www/" local="130608361560000000" remote="131448856200000000" Dst="0" />
<file name="login-bg.jpg" server="haptracking.com/www/" local="130608365240000000" remote="131448856200000000" Dst="0" />
<file name="login-logo.png" server="haptracking.com/www/" local="130608364640000000" remote="131448856200000000" Dst="0" />
<file name="logo.png" server="haptracking.com/www/" local="131461766376143337" remote="131461766400000000" Dst="0" />
<file name="logopet.png" server="haptracking.com/www/" local="131460097692138647" remote="131460109200000000" Dst="0" />
<file name="logo_icon.png" server="haptracking.com/www/" local="130608358180000000" remote="131448856200000000" Dst="0" />
<file name="menuarrow.gif" server="haptracking.com/www/" local="128869236000000000" remote="131448856200000000" Dst="0" />
<file name="minus.png" server="haptracking.com/www/" local="130604789560000000" remote="131448856200000000" Dst="0" />
<file name="negro_transparente.gif" server="haptracking.com/www/" local="128869236000000000" remote="131448856200000000" Dst="0" />
<file name="negro_transparente.png" server="haptracking.com/www/" local="128869236000000000" remote="131448856200000000" Dst="0" />
<file name="negro_transparente_50.png" server="haptracking.com/www/" local="128869236000000000" remote="131448856200000000" Dst="0" />
<file name="plus-white.png" server="haptracking.com/www/" local="130604789560000000" remote="131448856200000000" Dst="0" />
<file name="plus.png" server="haptracking.com/www/" local="130604789560000000" remote="131448856200000000" Dst="0" />
<file name="scroller-down.gif" server="haptracking.com/www/" local="128869236000000000" remote="131448856200000000" Dst="0" />
<file name="scroller-up.gif" server="haptracking.com/www/" local="128869236000000000" remote="131448856200000000" Dst="0" />
<file name="wait.gif" server="haptracking.com/www/" local="129019572000000000" remote="131448856200000000" Dst="0" />
<file name="xls.jpg" server="haptracking.com/www/" local="129101652000000000" remote="131448856200000000" Dst="0" />
<file name="folder.png" server="haptracking.com/www/" local="131461096986868154" remote="131461097400000000" Dst="0" />
<file name="documento.png" server="haptracking.com/www/" local="131461210040133223" remote="131461210200000000" Dst="0" />
</dwsync>