<?xml version="1.0" encoding="utf-8" ?>
<dwsync>
<file name="back_disabled.png" server="serviciosortopedia.com/www/" local="130434372000000000" remote="130763420400000000" Dst="-1" />
<file name="back_enabled.png" server="serviciosortopedia.com/www/" local="130434372000000000" remote="130763420400000000" Dst="-1" />
<file name="back_enabled_hover.png" server="serviciosortopedia.com/www/" local="130434372000000000" remote="130763420400000000" Dst="-1" />
<file name="favicon.ico" server="serviciosortopedia.com/www/" local="130434372000000000" remote="130763420400000000" Dst="-1" />
<file name="forward_disabled.png" server="serviciosortopedia.com/www/" local="130434372000000000" remote="130763420400000000" Dst="-1" />
<file name="forward_enabled.png" server="serviciosortopedia.com/www/" local="130434372000000000" remote="130763420400000000" Dst="-1" />
<file name="forward_enabled_hover.png" server="serviciosortopedia.com/www/" local="130434372000000000" remote="130763420400000000" Dst="-1" />
<file name="sort_asc.png" server="serviciosortopedia.com/www/" local="130434372000000000" remote="130763420400000000" Dst="-1" />
<file name="sort_asc_disabled.png" server="serviciosortopedia.com/www/" local="130434372000000000" remote="130763420400000000" Dst="-1" />
<file name="sort_both.png" server="serviciosortopedia.com/www/" local="130434372000000000" remote="130763420400000000" Dst="-1" />
<file name="sort_desc copy.png" server="serviciosortopedia.com/www/" local="130434372000000000" remote="130763420400000000" Dst="-1" />
<file name="sort_desc.png" server="serviciosortopedia.com/www/" local="130434372000000000" remote="130763420400000000" Dst="-1" />
<file name="sort_desc_disabled.png" server="serviciosortopedia.com/www/" local="130434372000000000" remote="130763420400000000" Dst="-1" />
<file name="back_disabled.png" server="hapconsulting.net/www/" local="130434372000000000" remote="130904305800000000" Dst="-1" />
<file name="back_enabled.png" server="hapconsulting.net/www/" local="130434372000000000" remote="130904305800000000" Dst="-1" />
<file name="back_enabled_hover.png" server="hapconsulting.net/www/" local="130434372000000000" remote="130904305800000000" Dst="-1" />
<file name="favicon.ico" server="hapconsulting.net/www/" local="130434372000000000" remote="130904305800000000" Dst="-1" />
<file name="forward_disabled.png" server="hapconsulting.net/www/" local="130434372000000000" remote="130904305800000000" Dst="-1" />
<file name="forward_enabled.png" server="hapconsulting.net/www/" local="130434372000000000" remote="130904305800000000" Dst="-1" />
<file name="forward_enabled_hover.png" server="hapconsulting.net/www/" local="130434372000000000" remote="130904305800000000" Dst="-1" />
<file name="sort_asc.png" server="hapconsulting.net/www/" local="130434372000000000" remote="130904305800000000" Dst="-1" />
<file name="sort_asc_disabled.png" server="hapconsulting.net/www/" local="130434372000000000" remote="130904305800000000" Dst="-1" />
<file name="sort_both.png" server="hapconsulting.net/www/" local="130434372000000000" remote="130904305800000000" Dst="-1" />
<file name="sort_desc copy.png" server="hapconsulting.net/www/" local="130434372000000000" remote="130904305800000000" Dst="-1" />
<file name="sort_desc.png" server="hapconsulting.net/www/" local="130434372000000000" remote="130904305800000000" Dst="-1" />
<file name="sort_desc_disabled.png" server="hapconsulting.net/www/" local="130434372000000000" remote="130904305800000000" Dst="-1" />
<file name="back_disabled.png" server="38-plus.com/www/" local="130434372000000000" remote="131001895800000000" Dst="-1" />
<file name="back_enabled.png" server="38-plus.com/www/" local="130434372000000000" remote="131001895800000000" Dst="-1" />
<file name="back_enabled_hover.png" server="38-plus.com/www/" local="130434372000000000" remote="131001895800000000" Dst="-1" />
<file name="favicon.ico" server="38-plus.com/www/" local="130434372000000000" remote="131001895800000000" Dst="-1" />
<file name="forward_disabled.png" server="38-plus.com/www/" local="130434372000000000" remote="131001895800000000" Dst="-1" />
<file name="forward_enabled.png" server="38-plus.com/www/" local="130434372000000000" remote="131001895800000000" Dst="-1" />
<file name="forward_enabled_hover.png" server="38-plus.com/www/" local="130434372000000000" remote="131001895800000000" Dst="-1" />
<file name="sort_asc.png" server="38-plus.com/www/" local="130434372000000000" remote="131001895800000000" Dst="-1" />
<file name="sort_asc_disabled.png" server="38-plus.com/www/" local="130434372000000000" remote="131001895800000000" Dst="-1" />
<file name="sort_both.png" server="38-plus.com/www/" local="130434372000000000" remote="131001895800000000" Dst="-1" />
<file name="sort_desc copy.png" server="38-plus.com/www/" local="130434372000000000" remote="131001895800000000" Dst="-1" />
<file name="sort_desc.png" server="38-plus.com/www/" local="130434372000000000" remote="131001895800000000" Dst="-1" />
<file name="sort_desc_disabled.png" server="38-plus.com/www/" local="130434372000000000" remote="131001895800000000" Dst="-1" />
<file name="back_enabled.png" server="lapetala.com/www/" local="130434372000000000" remote="131323422000000000" Dst="0" />
<file name="back_disabled.png" server="lapetala.com/www/" local="130434372000000000" remote="131323422000000000" Dst="0" />
<file name="back_enabled_hover.png" server="lapetala.com/www/" local="130434372000000000" remote="131323422000000000" Dst="0" />
<file name="favicon.ico" server="lapetala.com/www/" local="130434372000000000" remote="131323422000000000" Dst="0" />
<file name="forward_disabled.png" server="lapetala.com/www/" local="130434372000000000" remote="131323422000000000" Dst="0" />
<file name="forward_enabled.png" server="lapetala.com/www/" local="130434372000000000" remote="131323422000000000" Dst="0" />
<file name="forward_enabled_hover.png" server="lapetala.com/www/" local="130434372000000000" remote="131323422000000000" Dst="0" />
<file name="sort_asc.png" server="lapetala.com/www/" local="130434372000000000" remote="131323422000000000" Dst="0" />
<file name="sort_asc_disabled.png" server="lapetala.com/www/" local="130434372000000000" remote="131323422000000000" Dst="0" />
<file name="sort_both.png" server="lapetala.com/www/" local="130434372000000000" remote="131323422000000000" Dst="0" />
<file name="sort_desc copy.png" server="lapetala.com/www/" local="130434372000000000" remote="131323422000000000" Dst="0" />
<file name="sort_desc.png" server="lapetala.com/www/" local="130434372000000000" remote="131323422000000000" Dst="0" />
<file name="sort_desc_disabled.png" server="lapetala.com/www/" local="130434372000000000" remote="131323422000000000" Dst="0" />
<file name="back_disabled.png" server="haptracking.com/www/" local="130434372000000000" remote="131448856200000000" Dst="0" />
<file name="back_enabled_hover.png" server="haptracking.com/www/" local="130434372000000000" remote="131448856200000000" Dst="0" />
<file name="back_enabled.png" server="haptracking.com/www/" local="130434372000000000" remote="131448856200000000" Dst="0" />
<file name="favicon.ico" server="haptracking.com/www/" local="130434372000000000" remote="131448856200000000" Dst="0" />
<file name="forward_enabled.png" server="haptracking.com/www/" local="130434372000000000" remote="131448856200000000" Dst="0" />
<file name="forward_disabled.png" server="haptracking.com/www/" local="130434372000000000" remote="131448856200000000" Dst="0" />
<file name="forward_enabled_hover.png" server="haptracking.com/www/" local="130434372000000000" remote="131448856200000000" Dst="0" />
<file name="sort_asc_disabled.png" server="haptracking.com/www/" local="130434372000000000" remote="131448856200000000" Dst="0" />
<file name="sort_asc.png" server="haptracking.com/www/" local="130434372000000000" remote="131448856200000000" Dst="0" />
<file name="sort_both.png" server="haptracking.com/www/" local="130434372000000000" remote="131448856200000000" Dst="0" />
<file name="sort_desc copy.png" server="haptracking.com/www/" local="130434372000000000" remote="131448856200000000" Dst="0" />
<file name="sort_desc.png" server="haptracking.com/www/" local="130434372000000000" remote="131448856200000000" Dst="0" />
<file name="sort_desc_disabled.png" server="haptracking.com/www/" local="130434372000000000" remote="131448856200000000" Dst="0" />
</dwsync>