<?xml version="1.0" encoding="utf-8" ?>
<dwsync>
<file name="dialog.css" server="serviciosortopedia.com/www/" local="130434372000000000" remote="130763430000000000" Dst="-1" />
<file name="dialog_ie.css" server="serviciosortopedia.com/www/" local="130434372000000000" remote="130763430000000000" Dst="-1" />
<file name="dialog_ie7.css" server="serviciosortopedia.com/www/" local="130434372000000000" remote="130763430000000000" Dst="-1" />
<file name="dialog_ie8.css" server="serviciosortopedia.com/www/" local="130434372000000000" remote="130763430000000000" Dst="-1" />
<file name="dialog_iequirks.css" server="serviciosortopedia.com/www/" local="130434372000000000" remote="130763430000000000" Dst="-1" />
<file name="dialog_opera.css" server="serviciosortopedia.com/www/" local="130434372000000000" remote="130763430000000000" Dst="-1" />
<file name="editor.css" server="serviciosortopedia.com/www/" local="130434372000000000" remote="130763430000000000" Dst="-1" />
<file name="editor_gecko.css" server="serviciosortopedia.com/www/" local="130434372000000000" remote="130763430000000000" Dst="-1" />
<file name="editor_ie.css" server="serviciosortopedia.com/www/" local="130434372000000000" remote="130763430000000000" Dst="-1" />
<file name="editor_ie7.css" server="serviciosortopedia.com/www/" local="130434372000000000" remote="130763430000000000" Dst="-1" />
<file name="editor_ie8.css" server="serviciosortopedia.com/www/" local="130434372000000000" remote="130763430000000000" Dst="-1" />
<file name="editor_iequirks.css" server="serviciosortopedia.com/www/" local="130434372000000000" remote="130763430000000000" Dst="-1" />
<file name="icons.png" server="serviciosortopedia.com/www/" local="130434372000000000" remote="130763430000000000" Dst="-1" />
<file name="readme.md" server="serviciosortopedia.com/www/" local="130434372000000000" remote="130763430000000000" Dst="-1" />
<file name="dialog.css" server="hapconsulting.net/www/" local="130434372000000000" remote="130904310000000000" Dst="-1" />
<file name="dialog_ie.css" server="hapconsulting.net/www/" local="130434372000000000" remote="130904310000000000" Dst="-1" />
<file name="dialog_ie7.css" server="hapconsulting.net/www/" local="130434372000000000" remote="130904310000000000" Dst="-1" />
<file name="dialog_ie8.css" server="hapconsulting.net/www/" local="130434372000000000" remote="130904310000000000" Dst="-1" />
<file name="dialog_iequirks.css" server="hapconsulting.net/www/" local="130434372000000000" remote="130904310000000000" Dst="-1" />
<file name="dialog_opera.css" server="hapconsulting.net/www/" local="130434372000000000" remote="130904310000000000" Dst="-1" />
<file name="editor.css" server="hapconsulting.net/www/" local="130434372000000000" remote="130904310000000000" Dst="-1" />
<file name="editor_gecko.css" server="hapconsulting.net/www/" local="130434372000000000" remote="130904310000000000" Dst="-1" />
<file name="editor_ie.css" server="hapconsulting.net/www/" local="130434372000000000" remote="130904310000000000" Dst="-1" />
<file name="editor_ie7.css" server="hapconsulting.net/www/" local="130434372000000000" remote="130904310000000000" Dst="-1" />
<file name="editor_ie8.css" server="hapconsulting.net/www/" local="130434372000000000" remote="130904310000000000" Dst="-1" />
<file name="editor_iequirks.css" server="hapconsulting.net/www/" local="130434372000000000" remote="130904310000000000" Dst="-1" />
<file name="icons.png" server="hapconsulting.net/www/" local="130434372000000000" remote="130904310000000000" Dst="-1" />
<file name="readme.md" server="hapconsulting.net/www/" local="130434372000000000" remote="130904310000000000" Dst="-1" />
<file name="dialog.css" server="38-plus.com/www/" local="130434372000000000" remote="131001900000000000" Dst="-1" />
<file name="dialog_ie.css" server="38-plus.com/www/" local="130434372000000000" remote="131001900000000000" Dst="-1" />
<file name="dialog_ie7.css" server="38-plus.com/www/" local="130434372000000000" remote="131001900000000000" Dst="-1" />
<file name="dialog_ie8.css" server="38-plus.com/www/" local="130434372000000000" remote="131001900000000000" Dst="-1" />
<file name="dialog_iequirks.css" server="38-plus.com/www/" local="130434372000000000" remote="131001900000000000" Dst="-1" />
<file name="dialog_opera.css" server="38-plus.com/www/" local="130434372000000000" remote="131001900000000000" Dst="-1" />
<file name="editor.css" server="38-plus.com/www/" local="130434372000000000" remote="131001900000000000" Dst="-1" />
<file name="editor_gecko.css" server="38-plus.com/www/" local="130434372000000000" remote="131001900000000000" Dst="-1" />
<file name="editor_ie.css" server="38-plus.com/www/" local="130434372000000000" remote="131001900000000000" Dst="-1" />
<file name="editor_ie7.css" server="38-plus.com/www/" local="130434372000000000" remote="131001900000000000" Dst="-1" />
<file name="editor_ie8.css" server="38-plus.com/www/" local="130434372000000000" remote="131001900000000000" Dst="-1" />
<file name="editor_iequirks.css" server="38-plus.com/www/" local="130434372000000000" remote="131001900000000000" Dst="-1" />
<file name="icons.png" server="38-plus.com/www/" local="130434372000000000" remote="131001900000000000" Dst="-1" />
<file name="readme.md" server="38-plus.com/www/" local="130434372000000000" remote="131001900000000000" Dst="-1" />
<file name="dialog.css" server="lapetala.com/www/" local="130434372000000000" remote="131323423800000000" Dst="0" />
<file name="dialog_ie7.css" server="lapetala.com/www/" local="130434372000000000" remote="131323423800000000" Dst="0" />
<file name="dialog_ie.css" server="lapetala.com/www/" local="130434372000000000" remote="131323423800000000" Dst="0" />
<file name="dialog_ie8.css" server="lapetala.com/www/" local="130434372000000000" remote="131323423800000000" Dst="0" />
<file name="dialog_opera.css" server="lapetala.com/www/" local="130434372000000000" remote="131323423800000000" Dst="0" />
<file name="dialog_iequirks.css" server="lapetala.com/www/" local="130434372000000000" remote="131323423800000000" Dst="0" />
<file name="editor.css" server="lapetala.com/www/" local="130434372000000000" remote="131323423800000000" Dst="0" />
<file name="editor_ie.css" server="lapetala.com/www/" local="130434372000000000" remote="131323423800000000" Dst="0" />
<file name="editor_gecko.css" server="lapetala.com/www/" local="130434372000000000" remote="131323423800000000" Dst="0" />
<file name="editor_ie7.css" server="lapetala.com/www/" local="130434372000000000" remote="131323423800000000" Dst="0" />
<file name="editor_ie8.css" server="lapetala.com/www/" local="130434372000000000" remote="131323423800000000" Dst="0" />
<file name="editor_iequirks.css" server="lapetala.com/www/" local="130434372000000000" remote="131323423800000000" Dst="0" />
<file name="icons.png" server="lapetala.com/www/" local="130434372000000000" remote="131323423800000000" Dst="0" />
<file name="readme.md" server="lapetala.com/www/" local="130434372000000000" remote="131323423800000000" Dst="0" />
<file name="dialog.css" server="haptracking.com/www/" local="130434372000000000" remote="131448858600000000" Dst="0" />
<file name="dialog_ie.css" server="haptracking.com/www/" local="130434372000000000" remote="131448858600000000" Dst="0" />
<file name="dialog_ie7.css" server="haptracking.com/www/" local="130434372000000000" remote="131448858600000000" Dst="0" />
<file name="dialog_opera.css" server="haptracking.com/www/" local="130434372000000000" remote="131448858600000000" Dst="0" />
<file name="dialog_iequirks.css" server="haptracking.com/www/" local="130434372000000000" remote="131448858600000000" Dst="0" />
<file name="dialog_ie8.css" server="haptracking.com/www/" local="130434372000000000" remote="131448858600000000" Dst="0" />
<file name="editor.css" server="haptracking.com/www/" local="130434372000000000" remote="131448858600000000" Dst="0" />
<file name="editor_gecko.css" server="haptracking.com/www/" local="130434372000000000" remote="131448858600000000" Dst="0" />
<file name="editor_ie.css" server="haptracking.com/www/" local="130434372000000000" remote="131448858600000000" Dst="0" />
<file name="editor_iequirks.css" server="haptracking.com/www/" local="130434372000000000" remote="131448858600000000" Dst="0" />
<file name="editor_ie7.css" server="haptracking.com/www/" local="130434372000000000" remote="131448858600000000" Dst="0" />
<file name="editor_ie8.css" server="haptracking.com/www/" local="130434372000000000" remote="131448858600000000" Dst="0" />
<file name="icons.png" server="haptracking.com/www/" local="130434372000000000" remote="131448858600000000" Dst="0" />
<file name="readme.md" server="haptracking.com/www/" local="130434372000000000" remote="131448858600000000" Dst="0" />
</dwsync>