<?xml version="1.0" encoding="utf-8" ?>
<dwsync>
<file name="clndr.js" server="serviciosortopedia.com/www/" local="130604789180000000" remote="130763423400000000" Dst="-1" />
<file name="clndr.min.js" server="serviciosortopedia.com/www/" local="130434372000000000" remote="130763423400000000" Dst="-1" />
<file name="evnt.calendar.init.js" server="serviciosortopedia.com/www/" local="130604789180000000" remote="130763423400000000" Dst="-1" />
<file name="moment-2.2.1.js" server="serviciosortopedia.com/www/" local="130604789180000000" remote="130763423400000000" Dst="-1" />
<file name="clndr.js" server="hapconsulting.net/www/" local="130604789180000000" remote="130904307000000000" Dst="-1" />
<file name="clndr.min.js" server="hapconsulting.net/www/" local="130434372000000000" remote="130904307000000000" Dst="-1" />
<file name="evnt.calendar.init.js" server="hapconsulting.net/www/" local="130604789180000000" remote="130904307000000000" Dst="-1" />
<file name="moment-2.2.1.js" server="hapconsulting.net/www/" local="130604789180000000" remote="130904307000000000" Dst="-1" />
<file name="clndr.js" server="38-plus.com/www/" local="130604789180000000" remote="131001897600000000" Dst="-1" />
<file name="clndr.min.js" server="38-plus.com/www/" local="130434372000000000" remote="131001897600000000" Dst="-1" />
<file name="evnt.calendar.init.js" server="38-plus.com/www/" local="130604789180000000" remote="131001897600000000" Dst="-1" />
<file name="moment-2.2.1.js" server="38-plus.com/www/" local="130604789180000000" remote="131001897600000000" Dst="-1" />
<file name="clndr.js" server="lapetala.com/www/" local="130604789180000000" remote="131323422600000000" Dst="0" />
<file name="evnt.calendar.init.js" server="lapetala.com/www/" local="130604789180000000" remote="131323422600000000" Dst="0" />
<file name="clndr.min.js" server="lapetala.com/www/" local="130434372000000000" remote="131323422600000000" Dst="0" />
<file name="moment-2.2.1.js" server="lapetala.com/www/" local="130604789180000000" remote="131323422600000000" Dst="0" />
<file name="clndr.js" server="haptracking.com/www/" local="130604789180000000" remote="131448857400000000" Dst="0" />
<file name="clndr.min.js" server="haptracking.com/www/" local="130434372000000000" remote="131448857400000000" Dst="0" />
<file name="evnt.calendar.init.js" server="haptracking.com/www/" local="130604789180000000" remote="131448857400000000" Dst="0" />
<file name="moment-2.2.1.js" server="haptracking.com/www/" local="130604789180000000" remote="131448857400000000" Dst="0" />
</dwsync>