<?xml version="1.0" encoding="utf-8" ?>
<dwsync>
<file name="datepicker-custom.css" server="serviciosortopedia.com/www/" local="130434372000000000" remote="130763421600000000" Dst="-1" />
<file name="datepicker.css" server="serviciosortopedia.com/www/" local="130434372000000000" remote="130763421600000000" Dst="-1" />
<file name="datepicker-custom.css" server="hapconsulting.net/www/" local="130434372000000000" remote="130904306400000000" Dst="-1" />
<file name="datepicker.css" server="hapconsulting.net/www/" local="130434372000000000" remote="130904306400000000" Dst="-1" />
<file name="datepicker-custom.css" server="38-plus.com/www/" local="130434372000000000" remote="131001896400000000" Dst="-1" />
<file name="datepicker.css" server="38-plus.com/www/" local="130434372000000000" remote="131001896400000000" Dst="-1" />
<file name="datepicker-custom.css" server="lapetala.com/www/" local="130434372000000000" remote="131323422000000000" Dst="0" />
<file name="datepicker.css" server="lapetala.com/www/" local="130434372000000000" remote="131323422000000000" Dst="0" />
<file name="datepicker-custom.css" server="haptracking.com/www/" local="130434372000000000" remote="131448856800000000" Dst="0" />
<file name="datepicker.css" server="haptracking.com/www/" local="130434372000000000" remote="131448856800000000" Dst="0" />
</dwsync>