<?xml version="1.0" encoding="utf-8" ?>
<dwsync>
<file name="demo_page.css" server="serviciosortopedia.com/www/" local="130434372000000000" remote="130763420400000000" Dst="-1" />
<file name="demo_table.css" server="serviciosortopedia.com/www/" local="130434372000000000" remote="130763420400000000" Dst="-1" />
<file name="demo_table_jui.css" server="serviciosortopedia.com/www/" local="130434372000000000" remote="130763420400000000" Dst="-1" />
<file name="jquery.dataTables.css" server="serviciosortopedia.com/www/" local="130434372000000000" remote="130763420400000000" Dst="-1" />
<file name="jquery.dataTables_themeroller.css" server="serviciosortopedia.com/www/" local="130434372000000000" remote="130763420400000000" Dst="-1" />
<file name="demo_page.css" server="hapconsulting.net/www/" local="130434372000000000" remote="130904305800000000" Dst="-1" />
<file name="demo_table.css" server="hapconsulting.net/www/" local="130434372000000000" remote="130904305800000000" Dst="-1" />
<file name="demo_table_jui.css" server="hapconsulting.net/www/" local="130434372000000000" remote="130904305800000000" Dst="-1" />
<file name="jquery.dataTables.css" server="hapconsulting.net/www/" local="130434372000000000" remote="130904305800000000" Dst="-1" />
<file name="jquery.dataTables_themeroller.css" server="hapconsulting.net/www/" local="130434372000000000" remote="130904305800000000" Dst="-1" />
<file name="demo_page.css" server="38-plus.com/www/" local="130434372000000000" remote="131001895800000000" Dst="-1" />
<file name="demo_table.css" server="38-plus.com/www/" local="130434372000000000" remote="131001895800000000" Dst="-1" />
<file name="demo_table_jui.css" server="38-plus.com/www/" local="130434372000000000" remote="131001895800000000" Dst="-1" />
<file name="jquery.dataTables.css" server="38-plus.com/www/" local="130434372000000000" remote="131001895800000000" Dst="-1" />
<file name="jquery.dataTables_themeroller.css" server="38-plus.com/www/" local="130434372000000000" remote="131001895800000000" Dst="-1" />
<file name="demo_page.css" server="lapetala.com/www/" local="130434372000000000" remote="131323422000000000" Dst="0" />
<file name="demo_table_jui.css" server="lapetala.com/www/" local="130434372000000000" remote="131323422000000000" Dst="0" />
<file name="demo_table.css" server="lapetala.com/www/" local="130434372000000000" remote="131323422000000000" Dst="0" />
<file name="jquery.dataTables.css" server="lapetala.com/www/" local="130434372000000000" remote="131323422000000000" Dst="0" />
<file name="jquery.dataTables_themeroller.css" server="lapetala.com/www/" local="130434372000000000" remote="131323422000000000" Dst="0" />
<file name="demo_page.css" server="haptracking.com/www/" local="130434372000000000" remote="131448856200000000" Dst="0" />
<file name="demo_table.css" server="haptracking.com/www/" local="130434372000000000" remote="131448856200000000" Dst="0" />
<file name="demo_table_jui.css" server="haptracking.com/www/" local="130434372000000000" remote="131448856200000000" Dst="0" />
<file name="jquery.dataTables_themeroller.css" server="haptracking.com/www/" local="130434372000000000" remote="131448856200000000" Dst="0" />
<file name="jquery.dataTables.css" server="haptracking.com/www/" local="130434372000000000" remote="131448856200000000" Dst="0" />
</dwsync>